name,position,tier,filename,source_page,source_image_url,creator,license,license_url,rights_status,notes
Aaron Donald,DT,immortal,aaron_donald.png,,,,No image located,,missing_placeholder,A labeled placeholder is included so every roster filename is present. No player photo was redistributed. Error: HTTP Error 403: Forbidden
Abner Haynes,HB,legend,abner_haynes.png,,,,No image located,,missing_placeholder,A labeled placeholder is included so every roster filename is present. No player photo was redistributed. Error: HTTP Error 403: Forbidden
Adrian Peterson,HB,immortal,adrian_peterson.png,,,,No image located,,missing_placeholder,A labeled placeholder is included so every roster filename is present. No player photo was redistributed. Error: HTTP Error 403: Forbidden
Al Del Greco,K,legend,al_del_greco.png,,,,No image located,,missing_placeholder,A labeled placeholder is included so every roster filename is present. No player photo was redistributed. Error: HTTP Error 403: Forbidden
Alan Ameche,FB,legend,alan_ameche.png,,,,No image located,,missing_placeholder,A labeled placeholder is included so every roster filename is present. No player photo was redistributed. Error: HTTP Error 403: Forbidden
Alan Page,DT,immortal,alan_page.png,,,,No image located,,missing_placeholder,A labeled placeholder is included so every roster filename is present. No player photo was redistributed. Error: HTTP Error 403: Forbidden
Albert Lewis,DB,legend,albert_lewis.png,,,,No image located,,missing_placeholder,A labeled placeholder is included so every roster filename is present. No player photo was redistributed. Error: HTTP Error 403: Forbidden
Alvin Harper,WR,legend,alvin_harper.png,,,,No image located,,missing_placeholder,A labeled placeholder is included so every roster filename is present. No player photo was redistributed. Error: HTTP Error 403: Forbidden
Amari Cooper,WR,legend,amari_cooper.png,,,,No image located,,missing_placeholder,A labeled placeholder is included so every roster filename is present. No player photo was redistributed. Error: HTTP Error 403: Forbidden
Andre Johnson,WR,immortal,andre_johnson.png,,,,No image located,,missing_placeholder,A labeled placeholder is included so every roster filename is present. No player photo was redistributed. Error: HTTP Error 403: Forbidden
Andre Reed,WR,immortal,andre_reed.png,,,,No image located,,missing_placeholder,A labeled placeholder is included so every roster filename is present. No player photo was redistributed. Error: HTTP Error 403: Forbidden
Andre Ware,QB,legend,andre_ware.png,,,,No image located,,missing_placeholder,A labeled placeholder is included so every roster filename is present. No player photo was redistributed. Error: HTTP Error 403: Forbidden
Anthony Carter,WR,legend,anthony_carter.png,,,,No image located,,missing_placeholder,A labeled placeholder is included so every roster filename is present. No player photo was redistributed. Error: HTTP Error 403: Forbidden
Anthony Munoz,LT,immortal,anthony_munoz.png,,,,No image located,,missing_placeholder,A labeled placeholder is included so every roster filename is present. No player photo was redistributed. Error: HTTP Error 403: Forbidden
Antonio Gates,TE,immortal,antonio_gates.png,,,,No image located,,missing_placeholder,A labeled placeholder is included so every roster filename is present. No player photo was redistributed. Error: HTTP Error 403: Forbidden
Archie Griffin,HB,legend,archie_griffin.png,,,,No image located,,missing_placeholder,A labeled placeholder is included so every roster filename is present. No player photo was redistributed. Error: HTTP Error 403: Forbidden
Archie Manning,QB,legend,archie_manning.png,,,,No image located,,missing_placeholder,A labeled placeholder is included so every roster filename is present. No player photo was redistributed. Error: HTTP Error 403: Forbidden
Art Donovan,DL,immortal,art_donovan.png,,,,No image located,,missing_placeholder,A labeled placeholder is included so every roster filename is present. No player photo was redistributed. Error: HTTP Error 403: Forbidden
Baker Mayfield,QB,legend,baker_mayfield.png,,,,No image located,,missing_placeholder,A labeled placeholder is included so every roster filename is present. No player photo was redistributed. Error: HTTP Error 403: Forbidden
Barrett Jones,C,legend,barrett_jones.png,,,,No image located,,missing_placeholder,A labeled placeholder is included so every roster filename is present. No player photo was redistributed. Error: HTTP Error 403: Forbidden
Barry Foster,HB,legend,barry_foster.png,,,,No image located,,missing_placeholder,A labeled placeholder is included so every roster filename is present. No player photo was redistributed. Error: HTTP Error 403: Forbidden
Barry Sanders,HB,immortal,barry_sanders.png,,,,No image located,,missing_placeholder,A labeled placeholder is included so every roster filename is present. No player photo was redistributed. Error: HTTP Error 403: Forbidden
Bart Starr,QB,immortal,bart_starr.png,,,,No image located,,missing_placeholder,A labeled placeholder is included so every roster filename is present. No player photo was redistributed. Error: HTTP Error 403: Forbidden
Ben Coates,TE,legend,ben_coates.png,,,,No image located,,missing_placeholder,A labeled placeholder is included so every roster filename is present. No player photo was redistributed. Error: HTTP Error 403: Forbidden
Ben Roethlisberger,QB,immortal,ben_roethlisberger.png,,,,No image located,,missing_placeholder,A labeled placeholder is included so every roster filename is present. No player photo was redistributed. Error: HTTP Error 403: Forbidden
Bernie Kosar,QB,legend,bernie_kosar.png,,,,No image located,,missing_placeholder,A labeled placeholder is included so every roster filename is present. No player photo was redistributed. Error: HTTP Error 403: Forbidden
Bill Curry,OL,legend,bill_curry.png,,,,No image located,,missing_placeholder,A labeled placeholder is included so every roster filename is present. No player photo was redistributed. Error: HTTP Error 403: Forbidden
Bill Fralic,OL,legend,bill_fralic.png,,,,No image located,,missing_placeholder,A labeled placeholder is included so every roster filename is present. No player photo was redistributed. Error: HTTP Error 403: Forbidden
Bill Wade,QB,legend,bill_wade.png,,,,No image located,,missing_placeholder,A labeled placeholder is included so every roster filename is present. No player photo was redistributed. Error: HTTP Error 403: Forbidden
Billy Joe Dupree,TE,legend,billy_joe_dupree.png,,,,No image located,,missing_placeholder,A labeled placeholder is included so every roster filename is present. No player photo was redistributed. Error: HTTP Error 403: Forbidden
Billy Sims,HB,legend,billy_sims.png,,,,No image located,,missing_placeholder,A labeled placeholder is included so every roster filename is present. No player photo was redistributed. Error: HTTP Error 403: Forbidden
Bo Jackson,HB,immortal,bo_jackson.png,,,,No image located,,missing_placeholder,A labeled placeholder is included so every roster filename is present. No player photo was redistributed. Error: HTTP Error 403: Forbidden
Bob Brown,OL,immortal,bob_brown.png,,,,No image located,,missing_placeholder,A labeled placeholder is included so every roster filename is present. No player photo was redistributed. Error: HTTP Error 403: Forbidden
Bob Lilly,DT,immortal,bob_lilly.png,,,,No image located,,missing_placeholder,A labeled placeholder is included so every roster filename is present. No player photo was redistributed. Error: HTTP Error 403: Forbidden
Bob St. Clair,OL,legend,bob_st_clair.png,,,,No image located,,missing_placeholder,A labeled placeholder is included so every roster filename is present. No player photo was redistributed. Error: HTTP Error 403: Forbidden
Bobby Hebert,QB,legend,bobby_hebert.png,,,,No image located,,missing_placeholder,A labeled placeholder is included so every roster filename is present. No player photo was redistributed. Error: HTTP Error 403: Forbidden
Bobby Mitchell,WR,legend,bobby_mitchell.png,,,,No image located,,missing_placeholder,A labeled placeholder is included so every roster filename is present. No player photo was redistributed. Error: HTTP Error 403: Forbidden
Brad Van Pelt,LB,legend,brad_van_pelt.png,,,,No image located,,missing_placeholder,A labeled placeholder is included so every roster filename is present. No player photo was redistributed. Error: HTTP Error 403: Forbidden
Brent Jones,TE,legend,brent_jones.png,,,,No image located,,missing_placeholder,A labeled placeholder is included so every roster filename is present. No player photo was redistributed. Error: HTTP Error 403: Forbidden
Brian Bosworth,LB,legend,brian_bosworth.png,,,,No image located,,missing_placeholder,A labeled placeholder is included so every roster filename is present. No player photo was redistributed. Error: HTTP Error 403: Forbidden
Brian Dawkins,SS,immortal,brian_dawkins.png,,,,No image located,,missing_placeholder,A labeled placeholder is included so every roster filename is present. No player photo was redistributed. Error: HTTP Error 403: Forbidden
Brian Jones,LB,legend,brian_jones.png,,,,No image located,,missing_placeholder,A labeled placeholder is included so every roster filename is present. No player photo was redistributed. Error: HTTP Error 403: Forbidden
Brock Bowers,TE,legend,brock_bowers.png,,,,No image located,,missing_placeholder,A labeled placeholder is included so every roster filename is present. No player photo was redistributed. Error: HTTP Error 403: Forbidden
Bronko Nagurski,DT,legend,bronko_nagurski.png,,,,No image located,,missing_placeholder,A labeled placeholder is included so every roster filename is present. No player photo was redistributed. Error: HTTP Error 403: Forbidden
Bruce Smith,RE,immortal,bruce_smith.png,,,,No image located,,missing_placeholder,A labeled placeholder is included so every roster filename is present. No player photo was redistributed. Error: HTTP Error 403: Forbidden
Bryce Paup,LB,legend,bryce_paup.png,,,,No image located,,missing_placeholder,A labeled placeholder is included so every roster filename is present. No player photo was redistributed. Error: HTTP Error 403: Forbidden
Bubba Paris,OL,legend,bubba_paris.png,,,,No image located,,missing_placeholder,A labeled placeholder is included so every roster filename is present. No player photo was redistributed. Error: HTTP Error 403: Forbidden
Bubby Brister,QB,legend,bubby_brister.png,,,,No image located,,missing_placeholder,A labeled placeholder is included so every roster filename is present. No player photo was redistributed. Error: HTTP Error 403: Forbidden
Calvin Johnson,WR,immortal,calvin_johnson.png,,,,No image located,,missing_placeholder,A labeled placeholder is included so every roster filename is present. No player photo was redistributed. Error: HTTP Error 403: Forbidden
Cam Newton,QB,immortal,cam_newton.png,,,,No image located,,missing_placeholder,A labeled placeholder is included so every roster filename is present. No player photo was redistributed. Error: HTTP Error 403: Forbidden
Carl Banks,LB,legend,carl_banks.png,,,,No image located,,missing_placeholder,A labeled placeholder is included so every roster filename is present. No player photo was redistributed. Error: HTTP Error 403: Forbidden
Champ Bailey,CB,immortal,champ_bailey.png,,,,No image located,,missing_placeholder,A labeled placeholder is included so every roster filename is present. No player photo was redistributed. Error: HTTP Error 403: Forbidden
Charles Woodson,CB,immortal,charles_woodson.png,,,,No image located,,missing_placeholder,A labeled placeholder is included so every roster filename is present. No player photo was redistributed. Error: HTTP Error 403: Forbidden
Charley Taylor,WR,immortal,charley_taylor.png,,,,No image located,,missing_placeholder,A labeled placeholder is included so every roster filename is present. No player photo was redistributed. Error: HTTP Error 403: Forbidden
Charley Trippi,HB,legend,charley_trippi.png,,,,No image located,,missing_placeholder,A labeled placeholder is included so every roster filename is present. No player photo was redistributed. Error: HTTP Error 403: Forbidden
Charlie Waters,DB,legend,charlie_waters.png,,,,No image located,,missing_placeholder,A labeled placeholder is included so every roster filename is present. No player photo was redistributed. Error: HTTP Error 403: Forbidden
Chase Young,RE,legend,chase_young.png,,,,No image located,,missing_placeholder,A labeled placeholder is included so every roster filename is present. No player photo was redistributed. Error: HTTP Error 403: Forbidden
Chris Doleman,DL,immortal,chris_doleman.png,,,,No image located,,missing_placeholder,A labeled placeholder is included so every roster filename is present. No player photo was redistributed. Error: HTTP Error 403: Forbidden
Chris Spielman,LB,legend,chris_spielman.png,,,,No image located,,missing_placeholder,A labeled placeholder is included so every roster filename is present. No player photo was redistributed. Error: HTTP Error 403: Forbidden
Chris Warren,HB,legend,chris_warren.png,,,,No image located,,missing_placeholder,A labeled placeholder is included so every roster filename is present. No player photo was redistributed. Error: HTTP Error 403: Forbidden
Christian McCaffrey,HB,legend,christian_mccaffrey.png,,,,No image located,,missing_placeholder,A labeled placeholder is included so every roster filename is present. No player photo was redistributed. Error: HTTP Error 403: Forbidden
Christian Okoye,HB,legend,christian_okoye.png,,,,No image located,,missing_placeholder,A labeled placeholder is included so every roster filename is present. No player photo was redistributed. Error: HTTP Error 403: Forbidden
Chuck Bednarik,LB,immortal,chuck_bednarik.png,,,,No image located,,missing_placeholder,A labeled placeholder is included so every roster filename is present. No player photo was redistributed. Error: HTTP Error 403: Forbidden
Chuck Foreman,HB,legend,chuck_foreman.png,,,,No image located,,missing_placeholder,A labeled placeholder is included so every roster filename is present. No player photo was redistributed. Error: HTTP Error 403: Forbidden
Chuck Muncie,HB,legend,chuck_muncie.png,,,,No image located,,missing_placeholder,A labeled placeholder is included so every roster filename is present. No player photo was redistributed. Error: HTTP Error 403: Forbidden
Chuck Noll,LB,legend,chuck_noll.png,,,,No image located,,missing_placeholder,A labeled placeholder is included so every roster filename is present. No player photo was redistributed. Error: HTTP Error 403: Forbidden
Cliff Branch,WR,legend,cliff_branch.png,,,,No image located,,missing_placeholder,A labeled placeholder is included so every roster filename is present. No player photo was redistributed. Error: HTTP Error 403: Forbidden
Cliff Harris,DB,immortal,cliff_harris.png,,,,No image located,,missing_placeholder,A labeled placeholder is included so every roster filename is present. No player photo was redistributed. Error: HTTP Error 403: Forbidden
Clyde Simmons,DL,legend,clyde_simmons.png,,,,No image located,,missing_placeholder,A labeled placeholder is included so every roster filename is present. No player photo was redistributed. Error: HTTP Error 403: Forbidden
Cris Carter,WR,immortal,cris_carter.png,,,,No image located,,missing_placeholder,A labeled placeholder is included so every roster filename is present. No player photo was redistributed. Error: HTTP Error 403: Forbidden
Curt Warner,HB,legend,curt_warner.png,,,,No image located,,missing_placeholder,A labeled placeholder is included so every roster filename is present. No player photo was redistributed. Error: HTTP Error 403: Forbidden
Dallas Clark,TE,legend,dallas_clark.png,,,,No image located,,missing_placeholder,A labeled placeholder is included so every roster filename is present. No player photo was redistributed. Error: HTTP Error 403: Forbidden
Dalton Hilliard,HB,legend,dalton_hilliard.png,,,,No image located,,missing_placeholder,A labeled placeholder is included so every roster filename is present. No player photo was redistributed. Error: HTTP Error 403: Forbidden
Dan Hampton,DL,immortal,dan_hampton.png,,,,No image located,,missing_placeholder,A labeled placeholder is included so every roster filename is present. No player photo was redistributed. Error: HTTP Error 403: Forbidden
Dan Marino,QB,immortal,dan_marino.png,,,,No image located,,missing_placeholder,A labeled placeholder is included so every roster filename is present. No player photo was redistributed. Error: HTTP Error 403: Forbidden
Dan Saleaumua,DL,legend,dan_saleaumua.png,,,,No image located,,missing_placeholder,A labeled placeholder is included so every roster filename is present. No player photo was redistributed. Error: HTTP Error 403: Forbidden
Dante Lavelli,WR,legend,dante_lavelli.png,,,,No image located,,missing_placeholder,A labeled placeholder is included so every roster filename is present. No player photo was redistributed. Error: HTTP Error 403: Forbidden
Darrelle Revis,CB,immortal,darrelle_revis.png,,,,No image located,,missing_placeholder,A labeled placeholder is included so every roster filename is present. No player photo was redistributed. Error: HTTP Error 403: Forbidden
Daryl Johnston,FB,legend,daryl_johnston.png,,,,No image located,,missing_placeholder,A labeled placeholder is included so every roster filename is present. No player photo was redistributed. Error: HTTP Error 403: Forbidden
Dave Butz,DL,legend,dave_butz.png,,,,No image located,,missing_placeholder,A labeled placeholder is included so every roster filename is present. No player photo was redistributed. Error: HTTP Error 403: Forbidden
Dave Casper,TE,legend,dave_casper.png,,,,No image located,,missing_placeholder,A labeled placeholder is included so every roster filename is present. No player photo was redistributed. Error: HTTP Error 403: Forbidden
Dave Krieg,QB,legend,dave_krieg.png,,,,No image located,,missing_placeholder,A labeled placeholder is included so every roster filename is present. No player photo was redistributed. Error: HTTP Error 403: Forbidden
Dave Meggett,HB,legend,dave_meggett.png,,,,No image located,,missing_placeholder,A labeled placeholder is included so every roster filename is present. No player photo was redistributed. Error: HTTP Error 403: Forbidden
Dave Rimington,C,legend,dave_rimington.png,,,,No image located,,missing_placeholder,A labeled placeholder is included so every roster filename is present. No player photo was redistributed. Error: HTTP Error 403: Forbidden
Dave Wilcox,LB,immortal,dave_wilcox.png,,,,No image located,,missing_placeholder,A labeled placeholder is included so every roster filename is present. No player photo was redistributed. Error: HTTP Error 403: Forbidden
Deacon Jones,RE,immortal,deacon_jones.png,,,,No image located,,missing_placeholder,A labeled placeholder is included so every roster filename is present. No player photo was redistributed. Error: HTTP Error 403: Forbidden
Deion Sanders,CB,immortal,deion_sanders.png,,,,No image located,,missing_placeholder,A labeled placeholder is included so every roster filename is present. No player photo was redistributed. Error: HTTP Error 403: Forbidden
Dermontti Dawson,OL,legend,dermontti_dawson.png,,,,No image located,,missing_placeholder,A labeled placeholder is included so every roster filename is present. No player photo was redistributed. Error: HTTP Error 403: Forbidden
Deron Cherry,DB,immortal,deron_cherry.png,,,,No image located,,missing_placeholder,A labeled placeholder is included so every roster filename is present. No player photo was redistributed. Error: HTTP Error 403: Forbidden
Derrick Henry,HB,legend,derrick_henry.png,,,,No image located,,missing_placeholder,A labeled placeholder is included so every roster filename is present. No player photo was redistributed. Error: HTTP Error 403: Forbidden
Derrick Thomas,LB,immortal,derrick_thomas.png,,,,No image located,,missing_placeholder,A labeled placeholder is included so every roster filename is present. No player photo was redistributed. Error: HTTP Error 403: Forbidden
Deshaun Watson,QB,legend,deshaun_watson.png,,,,No image located,,missing_placeholder,A labeled placeholder is included so every roster filename is present. No player photo was redistributed. Error: HTTP Error 403: Forbidden
Desmond Howard,WR,legend,desmond_howard.png,,,,No image located,,missing_placeholder,A labeled placeholder is included so every roster filename is present. No player photo was redistributed. Error: HTTP Error 403: Forbidden
Devin Hester,WR,immortal,devin_hester.png,,,,No image located,,missing_placeholder,A labeled placeholder is included so every roster filename is present. No player photo was redistributed. Error: HTTP Error 403: Forbidden
DeVonta Smith,WR,legend,devonta_smith.png,,,,No image located,,missing_placeholder,A labeled placeholder is included so every roster filename is present. No player photo was redistributed. Error: HTTP Error 403: Forbidden
Dexter Manley,DL,legend,dexter_manley.png,,,,No image located,,missing_placeholder,A labeled placeholder is included so every roster filename is present. No player photo was redistributed. Error: HTTP Error 403: Forbidden
Dick Anderson,DB,legend,dick_anderson.png,,,,No image located,,missing_placeholder,A labeled placeholder is included so every roster filename is present. No player photo was redistributed. Error: HTTP Error 403: Forbidden
Dick Butkus,MLB,immortal,dick_butkus.png,,,,No image located,,missing_placeholder,A labeled placeholder is included so every roster filename is present. No player photo was redistributed. Error: HTTP Error 403: Forbidden
Doc Blanchard,FB,legend,doc_blanchard.png,,,,No image located,,missing_placeholder,A labeled placeholder is included so every roster filename is present. No player photo was redistributed. Error: HTTP Error 403: Forbidden
Don Maynard,WR,immortal,don_maynard.png,,,,No image located,,missing_placeholder,A labeled placeholder is included so every roster filename is present. No player photo was redistributed. Error: HTTP Error 403: Forbidden
Drew Pearson,WR,immortal,drew_pearson.png,,,,No image located,,missing_placeholder,A labeled placeholder is included so every roster filename is present. No player photo was redistributed. Error: HTTP Error 403: Forbidden
Dwight Clark,WR,legend,dwight_clark.png,,,,No image located,,missing_placeholder,A labeled placeholder is included so every roster filename is present. No player photo was redistributed. Error: HTTP Error 403: Forbidden
Dwight Stephenson,OL,immortal,dwight_stephenson.png,,,,No image located,,missing_placeholder,A labeled placeholder is included so every roster filename is present. No player photo was redistributed. Error: HTTP Error 403: Forbidden
Earl Campbell,HB,immortal,earl_campbell.png,,,,No image located,,missing_placeholder,A labeled placeholder is included so every roster filename is present. No player photo was redistributed. Error: HTTP Error 403: Forbidden
Ed Reed,FS,immortal,ed_reed.png,,,,No image located,,missing_placeholder,A labeled placeholder is included so every roster filename is present. No player photo was redistributed. Error: HTTP Error 403: Forbidden
"Ed ""Too Tall"" Jones",RE,immortal,ed_too_tall_jones.png,,,,No image located,,missing_placeholder,A labeled placeholder is included so every roster filename is present. No player photo was redistributed. Error: HTTP Error 403: Forbidden
Eddie Murray,K,legend,eddie_murray.png,,,,No image located,,missing_placeholder,A labeled placeholder is included so every roster filename is present. No player photo was redistributed. Error: HTTP Error 403: Forbidden
Elvin Bethea,DL,immortal,elvin_bethea.png,,,,No image located,,missing_placeholder,A labeled placeholder is included so every roster filename is present. No player photo was redistributed. Error: HTTP Error 403: Forbidden
Emmitt Smith,HB,immortal,emmitt_smith.png,,,,No image located,,missing_placeholder,A labeled placeholder is included so every roster filename is present. No player photo was redistributed. Error: HTTP Error 403: Forbidden
Eric Berry,SS,legend,eric_berry.png,,,,No image located,,missing_placeholder,A labeled placeholder is included so every roster filename is present. No player photo was redistributed. Error: HTTP Error 403: Forbidden
Eric Bieniemy,HB,legend,eric_bieniemy.png,,,,No image located,,missing_placeholder,A labeled placeholder is included so every roster filename is present. No player photo was redistributed. Error: HTTP Error 403: Forbidden
Eric Dickerson,HB,immortal,eric_dickerson.png,,,,No image located,,missing_placeholder,A labeled placeholder is included so every roster filename is present. No player photo was redistributed. Error: HTTP Error 403: Forbidden
Eric Green,TE,legend,eric_green.png,,,,No image located,,missing_placeholder,A labeled placeholder is included so every roster filename is present. No player photo was redistributed. Error: HTTP Error 403: Forbidden
Eric Martin,WR,legend,eric_martin.png,,,,No image located,,missing_placeholder,A labeled placeholder is included so every roster filename is present. No player photo was redistributed. Error: HTTP Error 403: Forbidden
Eric Turner,DB,legend,eric_turner.png,,,,No image located,,missing_placeholder,A labeled placeholder is included so every roster filename is present. No player photo was redistributed. Error: HTTP Error 403: Forbidden
Ernest Givins,WR,legend,ernest_givins.png,,,,No image located,,missing_placeholder,A labeled placeholder is included so every roster filename is present. No player photo was redistributed. Error: HTTP Error 403: Forbidden
Eugene Robinson,DB,legend,eugene_robinson.png,,,,No image located,,missing_placeholder,A labeled placeholder is included so every roster filename is present. No player photo was redistributed. Error: HTTP Error 403: Forbidden
Floyd Little,HB,legend,floyd_little.png,,,,No image located,,missing_placeholder,A labeled placeholder is included so every roster filename is present. No player photo was redistributed. Error: HTTP Error 403: Forbidden
Forrest Gregg,RT,immortal,forrest_gregg.png,,,,No image located,,missing_placeholder,A labeled placeholder is included so every roster filename is present. No player photo was redistributed. Error: HTTP Error 403: Forbidden
Fred Biletnikoff,WR,immortal,fred_biletnikoff.png,,,,No image located,,missing_placeholder,A labeled placeholder is included so every roster filename is present. No player photo was redistributed. Error: HTTP Error 403: Forbidden
Fred Marion,DB,legend,fred_marion.png,,,,No image located,,missing_placeholder,A labeled placeholder is included so every roster filename is present. No player photo was redistributed. Error: HTTP Error 403: Forbidden
Freeman McNeil,HB,legend,freeman_mcneil.png,,,,No image located,,missing_placeholder,A labeled placeholder is included so every roster filename is present. No player photo was redistributed. Error: HTTP Error 403: Forbidden
Gale Sayers,HB,immortal,gale_sayers.png,,,,No image located,,missing_placeholder,A labeled placeholder is included so every roster filename is present. No player photo was redistributed. Error: HTTP Error 403: Forbidden
Garo Yepremian,K,legend,garo_yepremian.png,,,,No image located,,missing_placeholder,A labeled placeholder is included so every roster filename is present. No player photo was redistributed. Error: HTTP Error 403: Forbidden
Gary Clark,WR,legend,gary_clark.png,,,,No image located,,missing_placeholder,A labeled placeholder is included so every roster filename is present. No player photo was redistributed. Error: HTTP Error 403: Forbidden
Gary Plummer,LB,legend,gary_plummer.png,,,,No image located,,missing_placeholder,A labeled placeholder is included so every roster filename is present. No player photo was redistributed. Error: HTTP Error 403: Forbidden
George McAfee,DB,legend,george_mcafee.png,,,,No image located,,missing_placeholder,A labeled placeholder is included so every roster filename is present. No player photo was redistributed. Error: HTTP Error 403: Forbidden
Gino Marchetti,DL,immortal,gino_marchetti.png,,,,No image located,,missing_placeholder,A labeled placeholder is included so every roster filename is present. No player photo was redistributed. Error: HTTP Error 403: Forbidden
Glenn Davis,FB,legend,glenn_davis.png,,,,No image located,,missing_placeholder,A labeled placeholder is included so every roster filename is present. No player photo was redistributed. Error: HTTP Error 403: Forbidden
Greg Bell,HB,legend,greg_bell.png,,,,No image located,,missing_placeholder,A labeled placeholder is included so every roster filename is present. No player photo was redistributed. Error: HTTP Error 403: Forbidden
Greg Kragen,DL,legend,greg_kragen.png,,,,No image located,,missing_placeholder,A labeled placeholder is included so every roster filename is present. No player photo was redistributed. Error: HTTP Error 403: Forbidden
Greg Landry,QB,legend,greg_landry.png,,,,No image located,,missing_placeholder,A labeled placeholder is included so every roster filename is present. No player photo was redistributed. Error: HTTP Error 403: Forbidden
Greg Lloyd,LB,immortal,greg_lloyd.png,,,,No image located,,missing_placeholder,A labeled placeholder is included so every roster filename is present. No player photo was redistributed. Error: HTTP Error 403: Forbidden
Greg Olsen,TE,legend,greg_olsen.png,,,,No image located,,missing_placeholder,A labeled placeholder is included so every roster filename is present. No player photo was redistributed. Error: HTTP Error 403: Forbidden
Guy McIntyre,OL,legend,guy_mcintyre.png,,,,No image located,,missing_placeholder,A labeled placeholder is included so every roster filename is present. No player photo was redistributed. Error: HTTP Error 403: Forbidden
Harry Carson,LB,immortal,harry_carson.png,,,,No image located,,missing_placeholder,A labeled placeholder is included so every roster filename is present. No player photo was redistributed. Error: HTTP Error 403: Forbidden
Harvey Martin,DL,legend,harvey_martin.png,,,,No image located,,missing_placeholder,A labeled placeholder is included so every roster filename is present. No player photo was redistributed. Error: HTTP Error 403: Forbidden
Henry Ellard,WR,legend,henry_ellard.png,,,,No image located,,missing_placeholder,A labeled placeholder is included so every roster filename is present. No player photo was redistributed. Error: HTTP Error 403: Forbidden
Herman Moore,WR,immortal,herman_moore.png,,,,No image located,,missing_placeholder,A labeled placeholder is included so every roster filename is present. No player photo was redistributed. Error: HTTP Error 403: Forbidden
Herschel Walker,HB,immortal,herschel_walker.png,,,,No image located,,missing_placeholder,A labeled placeholder is included so every roster filename is present. No player photo was redistributed. Error: HTTP Error 403: Forbidden
Howard Cassady,FB,legend,howard_cassady.png,,,,No image located,,missing_placeholder,A labeled placeholder is included so every roster filename is present. No player photo was redistributed. Error: HTTP Error 403: Forbidden
Hugh Green,LE,legend,hugh_green.png,,,,No image located,,missing_placeholder,A labeled placeholder is included so every roster filename is present. No player photo was redistributed. Error: HTTP Error 403: Forbidden
Hugh McElhenny,HB,immortal,hugh_mcelhenny.png,,,,No image located,,missing_placeholder,A labeled placeholder is included so every roster filename is present. No player photo was redistributed. Error: HTTP Error 403: Forbidden
Ickey Woods,FB,legend,ickey_woods.png,,,,No image located,,missing_placeholder,A labeled placeholder is included so every roster filename is present. No player photo was redistributed. Error: HTTP Error 403: Forbidden
Irving Fryar,WR,immortal,irving_fryar.png,,,,No image located,,missing_placeholder,A labeled placeholder is included so every roster filename is present. No player photo was redistributed. Error: HTTP Error 403: Forbidden
Ja'Marr Chase,WR,legend,ja_marr_chase.png,,,,No image located,,missing_placeholder,A labeled placeholder is included so every roster filename is present. No player photo was redistributed. Error: HTTP Error 403: Forbidden
Jack Ham,LOLB,immortal,jack_ham.png,,,,No image located,,missing_placeholder,A labeled placeholder is included so every roster filename is present. No player photo was redistributed. Error: HTTP Error 403: Forbidden
Jack Lambert,MLB,immortal,jack_lambert.png,,,,No image located,,missing_placeholder,A labeled placeholder is included so every roster filename is present. No player photo was redistributed. Error: HTTP Error 403: Forbidden
Jack Tatum,DB,immortal,jack_tatum.png,,,,No image located,,missing_placeholder,A labeled placeholder is included so every roster filename is present. No player photo was redistributed. Error: HTTP Error 403: Forbidden
Jack Youngblood,DL,immortal,jack_youngblood.png,,,,No image located,,missing_placeholder,A labeled placeholder is included so every roster filename is present. No player photo was redistributed. Error: HTTP Error 403: Forbidden
Jackie Smith,TE,immortal,jackie_smith.png,,,,No image located,,missing_placeholder,A labeled placeholder is included so every roster filename is present. No player photo was redistributed. Error: HTTP Error 403: Forbidden
James Lofton,WR,immortal,james_lofton.png,,,,No image located,,missing_placeholder,A labeled placeholder is included so every roster filename is present. No player photo was redistributed. Error: HTTP Error 403: Forbidden
Jan Stenerud,K,immortal,jan_stenerud.png,,,,No image located,,missing_placeholder,A labeled placeholder is included so every roster filename is present. No player photo was redistributed. Error: HTTP Error 403: Forbidden
Jason Witten,TE,immortal,jason_witten.png,,,,No image located,,missing_placeholder,A labeled placeholder is included so every roster filename is present. No player photo was redistributed. Error: HTTP Error 403: Forbidden
Jay Berwanger,FB,legend,jay_berwanger.png,,,,No image located,,missing_placeholder,A labeled placeholder is included so every roster filename is present. No player photo was redistributed. Error: HTTP Error 403: Forbidden
Jay Novacek,TE,legend,jay_novacek.png,,,,No image located,,missing_placeholder,A labeled placeholder is included so every roster filename is present. No player photo was redistributed. Error: HTTP Error 403: Forbidden
Jeff Hostetler,QB,legend,jeff_hostetler.png,,,,No image located,,missing_placeholder,A labeled placeholder is included so every roster filename is present. No player photo was redistributed. Error: HTTP Error 403: Forbidden
Jeff Jaeger,K,legend,jeff_jaeger.png,,,,No image located,,missing_placeholder,A labeled placeholder is included so every roster filename is present. No player photo was redistributed. Error: HTTP Error 403: Forbidden
Jeremy Shockey,TE,legend,jeremy_shockey.png,,,,No image located,,missing_placeholder,A labeled placeholder is included so every roster filename is present. No player photo was redistributed. Error: HTTP Error 403: Forbidden
Jerome Brown,DL,legend,jerome_brown.png,,,,No image located,,missing_placeholder,A labeled placeholder is included so every roster filename is present. No player photo was redistributed. Error: HTTP Error 403: Forbidden
Jerry Rice,WR,immortal,jerry_rice.png,,,,No image located,,missing_placeholder,A labeled placeholder is included so every roster filename is present. No player photo was redistributed. Error: HTTP Error 403: Forbidden
Jesse Sapolu,OL,legend,jesse_sapolu.png,,,,No image located,,missing_placeholder,A labeled placeholder is included so every roster filename is present. No player photo was redistributed. Error: HTTP Error 403: Forbidden
Jessie Tuggle,LB,legend,jessie_tuggle.png,,,,No image located,,missing_placeholder,A labeled placeholder is included so every roster filename is present. No player photo was redistributed. Error: HTTP Error 403: Forbidden
Jim Bakken,K,legend,jim_bakken.png,,,,No image located,,missing_placeholder,A labeled placeholder is included so every roster filename is present. No player photo was redistributed. Error: HTTP Error 403: Forbidden
Jim Brown,HB,immortal,jim_brown.png,,,,No image located,,missing_placeholder,A labeled placeholder is included so every roster filename is present. No player photo was redistributed. Error: HTTP Error 403: Forbidden
Jim Harbaugh,QB,legend,jim_harbaugh.png,,,,No image located,,missing_placeholder,A labeled placeholder is included so every roster filename is present. No player photo was redistributed. Error: HTTP Error 403: Forbidden
Jim Hart,QB,legend,jim_hart.png,,,,No image located,,missing_placeholder,A labeled placeholder is included so every roster filename is present. No player photo was redistributed. Error: HTTP Error 403: Forbidden
Jim Lachey,OL,legend,jim_lachey.png,,,,No image located,,missing_placeholder,A labeled placeholder is included so every roster filename is present. No player photo was redistributed. Error: HTTP Error 403: Forbidden
Jim Langer,OL,legend,jim_langer.png,,,,No image located,,missing_placeholder,A labeled placeholder is included so every roster filename is present. No player photo was redistributed. Error: HTTP Error 403: Forbidden
Jim Marshall,DL,legend,jim_marshall.png,,,,No image located,,missing_placeholder,A labeled placeholder is included so every roster filename is present. No player photo was redistributed. Error: HTTP Error 403: Forbidden
Jim Otto,C,immortal,jim_otto.png,,,,No image located,,missing_placeholder,A labeled placeholder is included so every roster filename is present. No player photo was redistributed. Error: HTTP Error 403: Forbidden
Jim Parker,LT,immortal,jim_parker.png,,,,No image located,,missing_placeholder,A labeled placeholder is included so every roster filename is present. No player photo was redistributed. Error: HTTP Error 403: Forbidden
Jim Taylor,FB,immortal,jim_taylor.png,,,,No image located,,missing_placeholder,A labeled placeholder is included so every roster filename is present. No player photo was redistributed. Error: HTTP Error 403: Forbidden
Jim Zorn,QB,legend,jim_zorn.png,,,,No image located,,missing_placeholder,A labeled placeholder is included so every roster filename is present. No player photo was redistributed. Error: HTTP Error 403: Forbidden
Jimmy Graham,TE,legend,jimmy_graham.png,,,,No image located,,missing_placeholder,A labeled placeholder is included so every roster filename is present. No player photo was redistributed. Error: HTTP Error 403: Forbidden
Joe Burrow,QB,immortal,joe_burrow.png,,,,No image located,,missing_placeholder,A labeled placeholder is included so every roster filename is present. No player photo was redistributed. Error: HTTP Error 403: Forbidden
Joe DeLamielleure,OL,immortal,joe_delamielleure.png,,,,No image located,,missing_placeholder,A labeled placeholder is included so every roster filename is present. No player photo was redistributed. Error: HTTP Error 403: Forbidden
Joe Jacoby,OL,legend,joe_jacoby.png,,,,No image located,,missing_placeholder,A labeled placeholder is included so every roster filename is present. No player photo was redistributed. Error: HTTP Error 403: Forbidden
Joe Montana,QB,immortal,joe_montana.png,,,,No image located,,missing_placeholder,A labeled placeholder is included so every roster filename is present. No player photo was redistributed. Error: HTTP Error 403: Forbidden
Joe Perry,FB,immortal,joe_perry.png,,,,No image located,,missing_placeholder,A labeled placeholder is included so every roster filename is present. No player photo was redistributed. Error: HTTP Error 403: Forbidden
Joe Schmidt,LB,immortal,joe_schmidt.png,,,,No image located,,missing_placeholder,A labeled placeholder is included so every roster filename is present. No player photo was redistributed. Error: HTTP Error 403: Forbidden
Joe Theismann,QB,immortal,joe_theismann.png,,,,No image located,,missing_placeholder,A labeled placeholder is included so every roster filename is present. No player photo was redistributed. Error: HTTP Error 403: Forbidden
Joe Thomas,LT,immortal,joe_thomas.png,,,,No image located,,missing_placeholder,A labeled placeholder is included so every roster filename is present. No player photo was redistributed. Error: HTTP Error 403: Forbidden
Joey Browner,DB,legend,joey_browner.png,,,,No image located,,missing_placeholder,A labeled placeholder is included so every roster filename is present. No player photo was redistributed. Error: HTTP Error 403: Forbidden
John Anderson,LB,legend,john_anderson.png,,,,No image located,,missing_placeholder,A labeled placeholder is included so every roster filename is present. No player photo was redistributed. Error: HTTP Error 403: Forbidden
John Brodie,QB,legend,john_brodie.png,,,,No image located,,missing_placeholder,A labeled placeholder is included so every roster filename is present. No player photo was redistributed. Error: HTTP Error 403: Forbidden
John Elway,QB,immortal,john_elway.png,,,,No image located,,missing_placeholder,A labeled placeholder is included so every roster filename is present. No player photo was redistributed. Error: HTTP Error 403: Forbidden
John Hannah,LG,immortal,john_hannah.png,,,,No image located,,missing_placeholder,A labeled placeholder is included so every roster filename is present. No player photo was redistributed. Error: HTTP Error 403: Forbidden
John Jefferson,WR,legend,john_jefferson.png,,,,No image located,,missing_placeholder,A labeled placeholder is included so every roster filename is present. No player photo was redistributed. Error: HTTP Error 403: Forbidden
John Kimbrough,FB,legend,john_kimbrough.png,,,,No image located,,missing_placeholder,A labeled placeholder is included so every roster filename is present. No player photo was redistributed. Error: HTTP Error 403: Forbidden
John Mackey,TE,immortal,john_mackey.png,,,,No image located,,missing_placeholder,A labeled placeholder is included so every roster filename is present. No player photo was redistributed. Error: HTTP Error 403: Forbidden
John Madden,RT,legend,john_madden.png,,,,No image located,,missing_placeholder,A labeled placeholder is included so every roster filename is present. No player photo was redistributed. Error: HTTP Error 403: Forbidden
John Offerdahl,LB,legend,john_offerdahl.png,,,,No image located,,missing_placeholder,A labeled placeholder is included so every roster filename is present. No player photo was redistributed. Error: HTTP Error 403: Forbidden
John Taylor,WR,legend,john_taylor.png,,,,No image located,,missing_placeholder,A labeled placeholder is included so every roster filename is present. No player photo was redistributed. Error: HTTP Error 403: Forbidden
Johnny Manziel,QB,legend,johnny_manziel.png,,,,No image located,,missing_placeholder,A labeled placeholder is included so every roster filename is present. No player photo was redistributed. Error: HTTP Error 403: Forbidden
Johnny Unitas,QB,immortal,johnny_unitas.png,,,,No image located,,missing_placeholder,A labeled placeholder is included so every roster filename is present. No player photo was redistributed. Error: HTTP Error 403: Forbidden
Jonathan Allen,DT,legend,jonathan_allen.png,,,,No image located,,missing_placeholder,A labeled placeholder is included so every roster filename is present. No player photo was redistributed. Error: HTTP Error 403: Forbidden
Jonathan Ogden,LT,immortal,jonathan_ogden.png,,,,No image located,,missing_placeholder,A labeled placeholder is included so every roster filename is present. No player photo was redistributed. Error: HTTP Error 403: Forbidden
Julius Peppers,RE,immortal,julius_peppers.png,,,,No image located,,missing_placeholder,A labeled placeholder is included so every roster filename is present. No player photo was redistributed. Error: HTTP Error 403: Forbidden
Justin Blackmon,WR,legend,justin_blackmon.png,,,,No image located,,missing_placeholder,A labeled placeholder is included so every roster filename is present. No player photo was redistributed. Error: HTTP Error 403: Forbidden
Karl Mecklenburg,LB,legend,karl_mecklenburg.png,,,,No image located,,missing_placeholder,A labeled placeholder is included so every roster filename is present. No player photo was redistributed. Error: HTTP Error 403: Forbidden
Keith Jackson,TE,immortal,keith_jackson.png,,,,No image located,,missing_placeholder,A labeled placeholder is included so every roster filename is present. No player photo was redistributed. Error: HTTP Error 403: Forbidden
Keith Millard,DL,immortal,keith_millard.png,,,,No image located,,missing_placeholder,A labeled placeholder is included so every roster filename is present. No player photo was redistributed. Error: HTTP Error 403: Forbidden
Kellen Winslow II,TE,legend,kellen_winslow_ii.png,,,,No image located,,missing_placeholder,A labeled placeholder is included so every roster filename is present. No player photo was redistributed. Error: HTTP Error 403: Forbidden
Ken MacAfee,TE,legend,ken_macafee.png,,,,No image located,,missing_placeholder,A labeled placeholder is included so every roster filename is present. No player photo was redistributed. Error: HTTP Error 403: Forbidden
Ken Norton Jr.,LB,legend,ken_norton_jr.png,,,,No image located,,missing_placeholder,A labeled placeholder is included so every roster filename is present. No player photo was redistributed. Error: HTTP Error 403: Forbidden
Ken O'Brien,QB,legend,ken_o_brien.png,,,,No image located,,missing_placeholder,A labeled placeholder is included so every roster filename is present. No player photo was redistributed. Error: HTTP Error 403: Forbidden
Ken Stabler,QB,immortal,ken_stabler.png,,,,No image located,,missing_placeholder,A labeled placeholder is included so every roster filename is present. No player photo was redistributed. Error: HTTP Error 403: Forbidden
Kevin Curtis,WR,legend,kevin_curtis.png,,,,No image located,,missing_placeholder,A labeled placeholder is included so every roster filename is present. No player photo was redistributed. Error: HTTP Error 403: Forbidden
Korey Stringer,OL,legend,korey_stringer.png,,,,No image located,,missing_placeholder,A labeled placeholder is included so every roster filename is present. No player photo was redistributed. Error: HTTP Error 403: Forbidden
Kyle Pitts,TE,legend,kyle_pitts.png,,,,No image located,,missing_placeholder,A labeled placeholder is included so every roster filename is present. No player photo was redistributed. Error: HTTP Error 403: Forbidden
LaDainian Tomlinson,HB,immortal,ladainian_tomlinson.png,,,,No image located,,missing_placeholder,A labeled placeholder is included so every roster filename is present. No player photo was redistributed. Error: HTTP Error 403: Forbidden
Lamar Lathon,LB,legend,lamar_lathon.png,,,,No image located,,missing_placeholder,A labeled placeholder is included so every roster filename is present. No player photo was redistributed. Error: HTTP Error 403: Forbidden
Larry Allen,LG,immortal,larry_allen.png,,,,No image located,,missing_placeholder,A labeled placeholder is included so every roster filename is present. No player photo was redistributed. Error: HTTP Error 403: Forbidden
Larry Centers,FB,legend,larry_centers.png,,,,No image located,,missing_placeholder,A labeled placeholder is included so every roster filename is present. No player photo was redistributed. Error: HTTP Error 403: Forbidden
Larry Csonka,FB,immortal,larry_csonka.png,,,,No image located,,missing_placeholder,A labeled placeholder is included so every roster filename is present. No player photo was redistributed. Error: HTTP Error 403: Forbidden
Larry Fitzgerald,WR,immortal,larry_fitzgerald.png,,,,No image located,,missing_placeholder,A labeled placeholder is included so every roster filename is present. No player photo was redistributed. Error: HTTP Error 403: Forbidden
Larry Little,OL,immortal,larry_little.png,,,,No image located,,missing_placeholder,A labeled placeholder is included so every roster filename is present. No player photo was redistributed. Error: HTTP Error 403: Forbidden
LaVar Arrington,ROLB,legend,lavar_arrington.png,,,,No image located,,missing_placeholder,A labeled placeholder is included so every roster filename is present. No player photo was redistributed. Error: HTTP Error 403: Forbidden
Lawrence Taylor,ROLB,immortal,lawrence_taylor.png,,,,No image located,,missing_placeholder,A labeled placeholder is included so every roster filename is present. No player photo was redistributed. Error: HTTP Error 403: Forbidden
L.C. Greenwood,DL,legend,lc_greenwood.png,,,,No image located,,missing_placeholder,A labeled placeholder is included so every roster filename is present. No player photo was redistributed. Error: HTTP Error 403: Forbidden
Lee Roy Selmon,DL,immortal,lee_roy_selmon.png,,,,No image located,,missing_placeholder,A labeled placeholder is included so every roster filename is present. No player photo was redistributed. Error: HTTP Error 403: Forbidden
Lem Barney,DB,immortal,lem_barney.png,,,,No image located,,missing_placeholder,A labeled placeholder is included so every roster filename is present. No player photo was redistributed. Error: HTTP Error 403: Forbidden
Len Dawson,QB,immortal,len_dawson.png,,,,No image located,,missing_placeholder,A labeled placeholder is included so every roster filename is present. No player photo was redistributed. Error: HTTP Error 403: Forbidden
Lenny Moore,HB,immortal,lenny_moore.png,,,,No image located,,missing_placeholder,A labeled placeholder is included so every roster filename is present. No player photo was redistributed. Error: HTTP Error 403: Forbidden
Leon Lett,DL,legend,leon_lett.png,,,,No image located,,missing_placeholder,A labeled placeholder is included so every roster filename is present. No player photo was redistributed. Error: HTTP Error 403: Forbidden
Leonard Marshall,DL,legend,leonard_marshall.png,,,,No image located,,missing_placeholder,A labeled placeholder is included so every roster filename is present. No player photo was redistributed. Error: HTTP Error 403: Forbidden
Leroy Butler,DB,immortal,leroy_butler.png,,,,No image located,,missing_placeholder,A labeled placeholder is included so every roster filename is present. No player photo was redistributed. Error: HTTP Error 403: Forbidden
Leroy Kelly,HB,immortal,leroy_kelly.png,,,,No image located,,missing_placeholder,A labeled placeholder is included so every roster filename is present. No player photo was redistributed. Error: HTTP Error 403: Forbidden
Leslie O'Neal,DL,legend,leslie_o_neal.png,,,,No image located,,missing_placeholder,A labeled placeholder is included so every roster filename is present. No player photo was redistributed. Error: HTTP Error 403: Forbidden
Lester Hayes,DB,immortal,lester_hayes.png,,,,No image located,,missing_placeholder,A labeled placeholder is included so every roster filename is present. No player photo was redistributed. Error: HTTP Error 403: Forbidden
Lorenzo Neal,FB,immortal,lorenzo_neal.png,,,,No image located,,missing_placeholder,A labeled placeholder is included so every roster filename is present. No player photo was redistributed. Error: HTTP Error 403: Forbidden
Lou Creekmur,OL,legend,lou_creekmur.png,,,,No image located,,missing_placeholder,A labeled placeholder is included so every roster filename is present. No player photo was redistributed. Error: HTTP Error 403: Forbidden
Lou Groza,K,legend,lou_groza.png,,,,No image located,,missing_placeholder,A labeled placeholder is included so every roster filename is present. No player photo was redistributed. Error: HTTP Error 403: Forbidden
Luke Kuechly,MLB,immortal,luke_kuechly.png,,,,No image located,,missing_placeholder,A labeled placeholder is included so every roster filename is present. No player photo was redistributed. Error: HTTP Error 403: Forbidden
Lynn Dickey,QB,legend,lynn_dickey.png,,,,No image located,,missing_placeholder,A labeled placeholder is included so every roster filename is present. No player photo was redistributed. Error: HTTP Error 403: Forbidden
Marcus Allen,HB,immortal,marcus_allen.png,,,,No image located,,missing_placeholder,A labeled placeholder is included so every roster filename is present. No player photo was redistributed. Error: HTTP Error 403: Forbidden
Mark Carrier,WR,legend,mark_carrier.png,,,,No image located,,missing_placeholder,A labeled placeholder is included so every roster filename is present. No player photo was redistributed. Error: HTTP Error 403: Forbidden
Mark Rypien,QB,legend,mark_rypien.png,,,,No image located,,missing_placeholder,A labeled placeholder is included so every roster filename is present. No player photo was redistributed. Error: HTTP Error 403: Forbidden
Marshall Faulk,HB,immortal,marshall_faulk.png,,,,No image located,,missing_placeholder,A labeled placeholder is included so every roster filename is present. No player photo was redistributed. Error: HTTP Error 403: Forbidden
Marty Lyons,DL,legend,marty_lyons.png,,,,No image located,,missing_placeholder,A labeled placeholder is included so every roster filename is present. No player photo was redistributed. Error: HTTP Error 403: Forbidden
Marvin Harrison Jr.,WR,legend,marvin_harrison_jr.png,,,,No image located,,missing_placeholder,A labeled placeholder is included so every roster filename is present. No player photo was redistributed. Error: HTTP Error 403: Forbidden
Matt Snell,HB,legend,matt_snell.png,,,,No image located,,missing_placeholder,A labeled placeholder is included so every roster filename is present. No player photo was redistributed. Error: HTTP Error 403: Forbidden
Mean Joe Greene,DT,immortal,mean_joe_greene.png,,,,No image located,,missing_placeholder,A labeled placeholder is included so every roster filename is present. No player photo was redistributed. Error: HTTP Error 403: Forbidden
Mel Renfro,CB,immortal,mel_renfro.png,,,,No image located,,missing_placeholder,A labeled placeholder is included so every roster filename is present. No player photo was redistributed. Error: HTTP Error 403: Forbidden
Merril Hoge,FB,legend,merril_hoge.png,,,,No image located,,missing_placeholder,A labeled placeholder is included so every roster filename is present. No player photo was redistributed. Error: HTTP Error 403: Forbidden
Michael Crabtree,WR,legend,michael_crabtree.png,,,,No image located,,missing_placeholder,A labeled placeholder is included so every roster filename is present. No player photo was redistributed. Error: HTTP Error 403: Forbidden
Michael Irvin,WR,immortal,michael_irvin.png,,,,No image located,,missing_placeholder,A labeled placeholder is included so every roster filename is present. No player photo was redistributed. Error: HTTP Error 403: Forbidden
Michael Vick,QB,immortal,michael_vick.png,,,,No image located,,missing_placeholder,A labeled placeholder is included so every roster filename is present. No player photo was redistributed. Error: HTTP Error 403: Forbidden
Mick Tingelhoff,OL,legend,mick_tingelhoff.png,,,,No image located,,missing_placeholder,A labeled placeholder is included so every roster filename is present. No player photo was redistributed. Error: HTTP Error 403: Forbidden
Mike Alstott,FB,immortal,mike_alstott.png,,,,No image located,,missing_placeholder,A labeled placeholder is included so every roster filename is present. No player photo was redistributed. Error: HTTP Error 403: Forbidden
Mike Ditka,TE,immortal,mike_ditka.png,,,,No image located,,missing_placeholder,A labeled placeholder is included so every roster filename is present. No player photo was redistributed. Error: HTTP Error 403: Forbidden
Mike Golic,DL,legend,mike_golic.png,,,,No image located,,missing_placeholder,A labeled placeholder is included so every roster filename is present. No player photo was redistributed. Error: HTTP Error 403: Forbidden
Mike Haynes,CB,immortal,mike_haynes.png,,,,No image located,,missing_placeholder,A labeled placeholder is included so every roster filename is present. No player photo was redistributed. Error: HTTP Error 403: Forbidden
Mike Munchak,OL,immortal,mike_munchak.png,,,,No image located,,missing_placeholder,A labeled placeholder is included so every roster filename is present. No player photo was redistributed. Error: HTTP Error 403: Forbidden
Mike Rozier,HB,legend,mike_rozier.png,,,,No image located,,missing_placeholder,A labeled placeholder is included so every roster filename is present. No player photo was redistributed. Error: HTTP Error 403: Forbidden
Mike Singletary,MLB,immortal,mike_singletary.png,,,,No image located,,missing_placeholder,A labeled placeholder is included so every roster filename is present. No player photo was redistributed. Error: HTTP Error 403: Forbidden
Mike Webster,C,immortal,mike_webster.png,,,,No image located,,missing_placeholder,A labeled placeholder is included so every roster filename is present. No player photo was redistributed. Error: HTTP Error 403: Forbidden
Minkah Fitzpatrick,FS,legend,minkah_fitzpatrick.png,,,,No image located,,missing_placeholder,A labeled placeholder is included so every roster filename is present. No player photo was redistributed. Error: HTTP Error 403: Forbidden
Natrone Means,HB,legend,natrone_means.png,,,,No image located,,missing_placeholder,A labeled placeholder is included so every roster filename is present. No player photo was redistributed. Error: HTTP Error 403: Forbidden
Ndamukong Suh,DT,immortal,ndamukong_suh.png,,,,No image located,,missing_placeholder,A labeled placeholder is included so every roster filename is present. No player photo was redistributed. Error: HTTP Error 403: Forbidden
Neil O'Donnell,QB,legend,neil_o_donnell.png,,,,No image located,,missing_placeholder,A labeled placeholder is included so every roster filename is present. No player photo was redistributed. Error: HTTP Error 403: Forbidden
Nick Buoniconti,LB,legend,nick_buoniconti.png,,,,No image located,,missing_placeholder,A labeled placeholder is included so every roster filename is present. No player photo was redistributed. Error: HTTP Error 403: Forbidden
Night Train Lane,CB,immortal,night_train_lane.png,,,,No image located,,missing_placeholder,A labeled placeholder is included so every roster filename is present. No player photo was redistributed. Error: HTTP Error 403: Forbidden
Nolan Cromwell,DB,legend,nolan_cromwell.png,,,,No image located,,missing_placeholder,A labeled placeholder is included so every roster filename is present. No player photo was redistributed. Error: HTTP Error 403: Forbidden
O.J. Simpson,HB,immortal,oj_simpson.png,,,,No image located,,missing_placeholder,A labeled placeholder is included so every roster filename is present. No player photo was redistributed. Error: HTTP Error 403: Forbidden
Orlando Pace,LT,immortal,orlando_pace.png,,,,No image located,,missing_placeholder,A labeled placeholder is included so every roster filename is present. No player photo was redistributed. Error: HTTP Error 403: Forbidden
Otis Wilson,LB,legend,otis_wilson.png,,,,No image located,,missing_placeholder,A labeled placeholder is included so every roster filename is present. No player photo was redistributed. Error: HTTP Error 403: Forbidden
Ottis Anderson,HB,immortal,ottis_anderson.png,,,,No image located,,missing_placeholder,A labeled placeholder is included so every roster filename is present. No player photo was redistributed. Error: HTTP Error 403: Forbidden
Otto Graham,QB,immortal,otto_graham.png,,,,No image located,,missing_placeholder,A labeled placeholder is included so every roster filename is present. No player photo was redistributed. Error: HTTP Error 403: Forbidden
Patrick Peterson,CB,legend,patrick_peterson.png,,,,No image located,,missing_placeholder,A labeled placeholder is included so every roster filename is present. No player photo was redistributed. Error: HTTP Error 403: Forbidden
Patrick Willis,MLB,immortal,patrick_willis.png,,,,No image located,,missing_placeholder,A labeled placeholder is included so every roster filename is present. No player photo was redistributed. Error: HTTP Error 403: Forbidden
Paul Hornung,HB,immortal,paul_hornung.png,,,,No image located,,missing_placeholder,A labeled placeholder is included so every roster filename is present. No player photo was redistributed. Error: HTTP Error 403: Forbidden
Paul Krause,FS,immortal,paul_krause.png,,,,No image located,,missing_placeholder,A labeled placeholder is included so every roster filename is present. No player photo was redistributed. Error: HTTP Error 403: Forbidden
Pepper Johnson,LB,legend,pepper_johnson.png,,,,No image located,,missing_placeholder,A labeled placeholder is included so every roster filename is present. No player photo was redistributed. Error: HTTP Error 403: Forbidden
Pete Metzelaars,TE,legend,pete_metzelaars.png,,,,No image located,,missing_placeholder,A labeled placeholder is included so every roster filename is present. No player photo was redistributed. Error: HTTP Error 403: Forbidden
Pete Pihos,WR,legend,pete_pihos.png,,,,No image located,,missing_placeholder,A labeled placeholder is included so every roster filename is present. No player photo was redistributed. Error: HTTP Error 403: Forbidden
Peyton Manning,QB,immortal,peyton_manning.png,,,,No image located,,missing_placeholder,A labeled placeholder is included so every roster filename is present. No player photo was redistributed. Error: HTTP Error 403: Forbidden
"Raghib ""Rocket"" Ismail",WR,legend,raghib_rocket_ismail.png,,,,No image located,,missing_placeholder,A labeled placeholder is included so every roster filename is present. No player photo was redistributed. Error: HTTP Error 403: Forbidden
Randall Cunningham,QB,immortal,randall_cunningham.png,,,,No image located,,missing_placeholder,A labeled placeholder is included so every roster filename is present. No player photo was redistributed. Error: HTTP Error 403: Forbidden
Randall McDaniel,OL,immortal,randall_mcdaniel.png,,,,No image located,,missing_placeholder,A labeled placeholder is included so every roster filename is present. No player photo was redistributed. Error: HTTP Error 403: Forbidden
Randy Cross,OL,legend,randy_cross.png,,,,No image located,,missing_placeholder,A labeled placeholder is included so every roster filename is present. No player photo was redistributed. Error: HTTP Error 403: Forbidden
Randy Moss,WR,immortal,randy_moss.png,,,,No image located,,missing_placeholder,A labeled placeholder is included so every roster filename is present. No player photo was redistributed. Error: HTTP Error 403: Forbidden
Randy White,DL,immortal,randy_white.png,,,,No image located,,missing_placeholder,A labeled placeholder is included so every roster filename is present. No player photo was redistributed. Error: HTTP Error 403: Forbidden
Ray Guy,P,legend,ray_guy.png,,,,No image located,,missing_placeholder,A labeled placeholder is included so every roster filename is present. No player photo was redistributed. Error: HTTP Error 403: Forbidden
Ray Lewis,MLB,immortal,ray_lewis.png,,,,No image located,,missing_placeholder,A labeled placeholder is included so every roster filename is present. No player photo was redistributed. Error: HTTP Error 403: Forbidden
Rayfield Wright,OL,immortal,rayfield_wright.png,,,,No image located,,missing_placeholder,A labeled placeholder is included so every roster filename is present. No player photo was redistributed. Error: HTTP Error 403: Forbidden
Raymond Berry,WR,immortal,raymond_berry.png,,,,No image located,,missing_placeholder,A labeled placeholder is included so every roster filename is present. No player photo was redistributed. Error: HTTP Error 403: Forbidden
Reggie Bush,HB,legend,reggie_bush.png,,,,No image located,,missing_placeholder,A labeled placeholder is included so every roster filename is present. No player photo was redistributed. Error: HTTP Error 403: Forbidden
Reggie Cobb,HB,legend,reggie_cobb.png,,,,No image located,,missing_placeholder,A labeled placeholder is included so every roster filename is present. No player photo was redistributed. Error: HTTP Error 403: Forbidden
Reggie White,RE,immortal,reggie_white.png,,,,No image located,,missing_placeholder,A labeled placeholder is included so every roster filename is present. No player photo was redistributed. Error: HTTP Error 403: Forbidden
Richie Incognito,RG,legend,richie_incognito.png,,,,No image located,,missing_placeholder,A labeled placeholder is included so every roster filename is present. No player photo was redistributed. Error: HTTP Error 403: Forbidden
Richmond Webb,OL,legend,richmond_webb.png,,,,No image located,,missing_placeholder,A labeled placeholder is included so every roster filename is present. No player photo was redistributed. Error: HTTP Error 403: Forbidden
Rick Upchurch,WR,legend,rick_upchurch.png,,,,No image located,,missing_placeholder,A labeled placeholder is included so every roster filename is present. No player photo was redistributed. Error: HTTP Error 403: Forbidden
Ricky Sanders,WR,legend,ricky_sanders.png,,,,No image located,,missing_placeholder,A labeled placeholder is included so every roster filename is present. No player photo was redistributed. Error: HTTP Error 403: Forbidden
Ricky Watters,HB,immortal,ricky_watters.png,,,,No image located,,missing_placeholder,A labeled placeholder is included so every roster filename is present. No player photo was redistributed. Error: HTTP Error 403: Forbidden
Ricky Williams,HB,legend,ricky_williams.png,,,,No image located,,missing_placeholder,A labeled placeholder is included so every roster filename is present. No player photo was redistributed. Error: HTTP Error 403: Forbidden
Rob Gronkowski,TE,immortal,rob_gronkowski.png,,,,No image located,,missing_placeholder,A labeled placeholder is included so every roster filename is present. No player photo was redistributed. Error: HTTP Error 403: Forbidden
Rob Moore,WR,legend,rob_moore.png,,,,No image located,,missing_placeholder,A labeled placeholder is included so every roster filename is present. No player photo was redistributed. Error: HTTP Error 403: Forbidden
Robert Brazile,LB,legend,robert_brazile.png,,,,No image located,,missing_placeholder,A labeled placeholder is included so every roster filename is present. No player photo was redistributed. Error: HTTP Error 403: Forbidden
Rod Woodson,CB,immortal,rod_woodson.png,,,,No image located,,missing_placeholder,A labeled placeholder is included so every roster filename is present. No player photo was redistributed. Error: HTTP Error 403: Forbidden
Roger Craig,HB,immortal,roger_craig.png,,,,No image located,,missing_placeholder,A labeled placeholder is included so every roster filename is present. No player photo was redistributed. Error: HTTP Error 403: Forbidden
Roger Staubach,QB,immortal,roger_staubach.png,,,,No image located,,missing_placeholder,A labeled placeholder is included so every roster filename is present. No player photo was redistributed. Error: HTTP Error 403: Forbidden
Roger Wehrli,DB,legend,roger_wehrli.png,,,,No image located,,missing_placeholder,A labeled placeholder is included so every roster filename is present. No player photo was redistributed. Error: HTTP Error 403: Forbidden
Ron Mix,OL,immortal,ron_mix.png,,,,No image located,,missing_placeholder,A labeled placeholder is included so every roster filename is present. No player photo was redistributed. Error: HTTP Error 403: Forbidden
Ron Yary,OL,immortal,ron_yary.png,,,,No image located,,missing_placeholder,A labeled placeholder is included so every roster filename is present. No player photo was redistributed. Error: HTTP Error 403: Forbidden
Ronnie Bull,HB,legend,ronnie_bull.png,,,,No image located,,missing_placeholder,A labeled placeholder is included so every roster filename is present. No player photo was redistributed. Error: HTTP Error 403: Forbidden
Ronnie Lott,SS,immortal,ronnie_lott.png,,,,No image located,,missing_placeholder,A labeled placeholder is included so every roster filename is present. No player photo was redistributed. Error: HTTP Error 403: Forbidden
Roosevelt Brown,OL,immortal,roosevelt_brown.png,,,,No image located,,missing_placeholder,A labeled placeholder is included so every roster filename is present. No player photo was redistributed. Error: HTTP Error 403: Forbidden
Rulon Jones,DL,legend,rulon_jones.png,,,,No image located,,missing_placeholder,A labeled placeholder is included so every roster filename is present. No player photo was redistributed. Error: HTTP Error 403: Forbidden
Russ Grimm,OL,immortal,russ_grimm.png,,,,No image located,,missing_placeholder,A labeled placeholder is included so every roster filename is present. No player photo was redistributed. Error: HTTP Error 403: Forbidden
Sammy Baugh,QB,immortal,sammy_baugh.png,,,,No image located,,missing_placeholder,A labeled placeholder is included so every roster filename is present. No player photo was redistributed. Error: HTTP Error 403: Forbidden
Scott Studwell,LB,legend,scott_studwell.png,,,,No image located,,missing_placeholder,A labeled placeholder is included so every roster filename is present. No player photo was redistributed. Error: HTTP Error 403: Forbidden
Sean Taylor,SS,immortal,sean_taylor.png,,,,No image located,,missing_placeholder,A labeled placeholder is included so every roster filename is present. No player photo was redistributed. Error: HTTP Error 403: Forbidden
Shannon Sharpe,TE,immortal,shannon_sharpe.png,,,,No image located,,missing_placeholder,A labeled placeholder is included so every roster filename is present. No player photo was redistributed. Error: HTTP Error 403: Forbidden
Solomon Wilcots,DB,legend,solomon_wilcots.png,,,,No image located,,missing_placeholder,A labeled placeholder is included so every roster filename is present. No player photo was redistributed. Error: HTTP Error 403: Forbidden
Stan Jones,OL,immortal,stan_jones.png,,,,No image located,,missing_placeholder,A labeled placeholder is included so every roster filename is present. No player photo was redistributed. Error: HTTP Error 403: Forbidden
Steve Atwater,SS,immortal,steve_atwater.png,,,,No image located,,missing_placeholder,A labeled placeholder is included so every roster filename is present. No player photo was redistributed. Error: HTTP Error 403: Forbidden
Steve Bartkowski,QB,legend,steve_bartkowski.png,,,,No image located,,missing_placeholder,A labeled placeholder is included so every roster filename is present. No player photo was redistributed. Error: HTTP Error 403: Forbidden
Steve Grogan,QB,legend,steve_grogan.png,,,,No image located,,missing_placeholder,A labeled placeholder is included so every roster filename is present. No player photo was redistributed. Error: HTTP Error 403: Forbidden
Steve Largent,WR,immortal,steve_largent.png,,,,No image located,,missing_placeholder,A labeled placeholder is included so every roster filename is present. No player photo was redistributed. Error: HTTP Error 403: Forbidden
Steve Owens,FB,legend,steve_owens.png,,,,No image located,,missing_placeholder,A labeled placeholder is included so every roster filename is present. No player photo was redistributed. Error: HTTP Error 403: Forbidden
Steve Tasker,WR,legend,steve_tasker.png,,,,No image located,,missing_placeholder,A labeled placeholder is included so every roster filename is present. No player photo was redistributed. Error: HTTP Error 403: Forbidden
Steve Wisniewski,OL,legend,steve_wisniewski.png,,,,No image located,,missing_placeholder,A labeled placeholder is included so every roster filename is present. No player photo was redistributed. Error: HTTP Error 403: Forbidden
Steve Young,QB,immortal,steve_young.png,,,,No image located,,missing_placeholder,A labeled placeholder is included so every roster filename is present. No player photo was redistributed. Error: HTTP Error 403: Forbidden
Ted Hendricks,LOLB,immortal,ted_hendricks.png,,,,No image located,,missing_placeholder,A labeled placeholder is included so every roster filename is present. No player photo was redistributed. Error: HTTP Error 403: Forbidden
Terrell Owens,WR,immortal,terrell_owens.png,,,,No image located,,missing_placeholder,A labeled placeholder is included so every roster filename is present. No player photo was redistributed. Error: HTTP Error 403: Forbidden
Terrell Suggs,ROLB,legend,terrell_suggs.png,,,,No image located,,missing_placeholder,A labeled placeholder is included so every roster filename is present. No player photo was redistributed. Error: HTTP Error 403: Forbidden
Terry McDaniel,DB,legend,terry_mcdaniel.png,,,,No image located,,missing_placeholder,A labeled placeholder is included so every roster filename is present. No player photo was redistributed. Error: HTTP Error 403: Forbidden
Thurman Thomas,HB,immortal,thurman_thomas.png,,,,No image located,,missing_placeholder,A labeled placeholder is included so every roster filename is present. No player photo was redistributed. Error: HTTP Error 403: Forbidden
Tim Tebow,QB,legend,tim_tebow.png,,,,No image located,,missing_placeholder,A labeled placeholder is included so every roster filename is present. No player photo was redistributed. Error: HTTP Error 403: Forbidden
Todd Christensen,TE,immortal,todd_christensen.png,,,,No image located,,missing_placeholder,A labeled placeholder is included so every roster filename is present. No player photo was redistributed. Error: HTTP Error 403: Forbidden
Tom Brady,QB,immortal,tom_brady.png,,,,No image located,,missing_placeholder,A labeled placeholder is included so every roster filename is present. No player photo was redistributed. Error: HTTP Error 403: Forbidden
Tom Brookshier,DB,legend,tom_brookshier.png,,,,No image located,,missing_placeholder,A labeled placeholder is included so every roster filename is present. No player photo was redistributed. Error: HTTP Error 403: Forbidden
Tom Mack,OL,immortal,tom_mack.png,,,,No image located,,missing_placeholder,A labeled placeholder is included so every roster filename is present. No player photo was redistributed. Error: HTTP Error 403: Forbidden
Tom Rathman,FB,legend,tom_rathman.png,,,,No image located,,missing_placeholder,A labeled placeholder is included so every roster filename is present. No player photo was redistributed. Error: HTTP Error 403: Forbidden
Tommie Frazier,QB,legend,tommie_frazier.png,,,,No image located,,missing_placeholder,A labeled placeholder is included so every roster filename is present. No player photo was redistributed. Error: HTTP Error 403: Forbidden
Tommy Kramer,QB,legend,tommy_kramer.png,,,,No image located,,missing_placeholder,A labeled placeholder is included so every roster filename is present. No player photo was redistributed. Error: HTTP Error 403: Forbidden
Tony Boselli,OL,legend,tony_boselli.png,,,,No image located,,missing_placeholder,A labeled placeholder is included so every roster filename is present. No player photo was redistributed. Error: HTTP Error 403: Forbidden
Tony Canadeo,HB,legend,tony_canadeo.png,,,,No image located,,missing_placeholder,A labeled placeholder is included so every roster filename is present. No player photo was redistributed. Error: HTTP Error 403: Forbidden
Tony Dorsett,HB,immortal,tony_dorsett.png,,,,No image located,,missing_placeholder,A labeled placeholder is included so every roster filename is present. No player photo was redistributed. Error: HTTP Error 403: Forbidden
Tony Gonzalez,TE,immortal,tony_gonzalez.png,,,,No image located,,missing_placeholder,A labeled placeholder is included so every roster filename is present. No player photo was redistributed. Error: HTTP Error 403: Forbidden
Tony Mandarich,RT,legend,tony_mandarich.png,,,,No image located,,missing_placeholder,A labeled placeholder is included so every roster filename is present. No player photo was redistributed. Error: HTTP Error 403: Forbidden
Tony Martin,WR,legend,tony_martin.png,,,,No image located,,missing_placeholder,A labeled placeholder is included so every roster filename is present. No player photo was redistributed. Error: HTTP Error 403: Forbidden
Tony Nathan,HB,legend,tony_nathan.png,,,,No image located,,missing_placeholder,A labeled placeholder is included so every roster filename is present. No player photo was redistributed. Error: HTTP Error 403: Forbidden
Tony Tolbert,DL,legend,tony_tolbert.png,,,,No image located,,missing_placeholder,A labeled placeholder is included so every roster filename is present. No player photo was redistributed. Error: HTTP Error 403: Forbidden
Troy Aikman,QB,immortal,troy_aikman.png,,,,No image located,,missing_placeholder,A labeled placeholder is included so every roster filename is present. No player photo was redistributed. Error: HTTP Error 403: Forbidden
Troy Drayton,TE,legend,troy_drayton.png,,,,No image located,,missing_placeholder,A labeled placeholder is included so every roster filename is present. No player photo was redistributed. Error: HTTP Error 403: Forbidden
Troy Polamalu,SS,immortal,troy_polamalu.png,,,,No image located,,missing_placeholder,A labeled placeholder is included so every roster filename is present. No player photo was redistributed. Error: HTTP Error 403: Forbidden
Ty Detmer,QB,legend,ty_detmer.png,,,,No image located,,missing_placeholder,A labeled placeholder is included so every roster filename is present. No player photo was redistributed. Error: HTTP Error 403: Forbidden
Tyrann Mathieu,FS,legend,tyrann_mathieu.png,,,,No image located,,missing_placeholder,A labeled placeholder is included so every roster filename is present. No player photo was redistributed. Error: HTTP Error 403: Forbidden
Vernon Davis,TE,legend,vernon_davis.png,,,,No image located,,missing_placeholder,A labeled placeholder is included so every roster filename is present. No player photo was redistributed. Error: HTTP Error 403: Forbidden
Vince Young,QB,legend,vince_young.png,,,,No image located,,missing_placeholder,A labeled placeholder is included so every roster filename is present. No player photo was redistributed. Error: HTTP Error 403: Forbidden
Von Miller,ROLB,immortal,von_miller.png,,,,No image located,,missing_placeholder,A labeled placeholder is included so every roster filename is present. No player photo was redistributed. Error: HTTP Error 403: Forbidden
Walter Payton,HB,immortal,walter_payton.png,,,,No image located,,missing_placeholder,A labeled placeholder is included so every roster filename is present. No player photo was redistributed. Error: HTTP Error 403: Forbidden
Warren Moon,QB,immortal,warren_moon.png,,,,No image located,,missing_placeholder,A labeled placeholder is included so every roster filename is present. No player photo was redistributed. Error: HTTP Error 403: Forbidden
Wesley Walker,WR,legend,wesley_walker.png,,,,No image located,,missing_placeholder,A labeled placeholder is included so every roster filename is present. No player photo was redistributed. Error: HTTP Error 403: Forbidden
Will Anderson Jr.,RE,legend,will_anderson_jr.png,,,,No image located,,missing_placeholder,A labeled placeholder is included so every roster filename is present. No player photo was redistributed. Error: HTTP Error 403: Forbidden
"William ""Refrigerator"" Perry",DL,legend,william_refrigerator_perry.png,,,,No image located,,missing_placeholder,A labeled placeholder is included so every roster filename is present. No player photo was redistributed. Error: HTTP Error 403: Forbidden
Willie Brown,DB,immortal,willie_brown.png,,,,No image located,,missing_placeholder,A labeled placeholder is included so every roster filename is present. No player photo was redistributed. Error: HTTP Error 403: Forbidden
Willie Gault,WR,legend,willie_gault.png,,,,No image located,,missing_placeholder,A labeled placeholder is included so every roster filename is present. No player photo was redistributed. Error: HTTP Error 403: Forbidden
Willie Wood,DB,immortal,willie_wood.png,,,,No image located,,missing_placeholder,A labeled placeholder is included so every roster filename is present. No player photo was redistributed. Error: HTTP Error 403: Forbidden
Yancey Thigpen,WR,legend,yancey_thigpen.png,,,,No image located,,missing_placeholder,A labeled placeholder is included so every roster filename is present. No player photo was redistributed. Error: HTTP Error 403: Forbidden
