name,team,realLifeRosterStatus,dataSource,position,ovr,college,nationality,draftClass,image,url
Amare Barno,Free Agent,free_agent,placeholder — no rating source found,,,Virginia Tech,United States,2022,https://www.maddenratings.com/wp-content/uploads/amare-barno.png,https://www.maddenratings.com/amare-barno
Andrew Farmer II,Free Agent,free_agent,placeholder — no rating source found,,,,United States,,https://www.maddenratings.com/wp-content/uploads/Andrew-Farmer-II.png,https://www.maddenratings.com/andrew-farmer-ii
Adrian Colbert,Free Agent,free_agent,placeholder — no rating source found,,,,United States,,https://www.maddenratings.com/wp-content/uploads/adrian-colbert.png,https://www.maddenratings.com/adrian-colbert
Adam Gotsis,Free Agent,free_agent,placeholder — no rating source found,,,Georgia Tech,Australia,2016,https://www.maddenratings.com/wp-content/uploads/adam-gotsis-17740-madden-photo.png,https://www.maddenratings.com/adam-gotsis
Allan George,Free Agent,free_agent,placeholder — no rating source found,,,,United States,,https://www.maddenratings.com/wp-content/uploads/allan-george-22630-madden-photo.png,https://www.maddenratings.com/allan-george
Amari Burney,Free Agent,free_agent,placeholder — no rating source found,,,Florida,United States,2023,https://www.maddenratings.com/wp-content/uploads/amari-burney-23065-madden-photo.png,https://www.maddenratings.com/amari-burney
Anfernee Orji,New York Giants,assigned,placeholder — no rating source found,,,,United States,,https://www.maddenratings.com/wp-content/uploads/anfernee-orji-23138-madden-photo.png,https://www.maddenratings.com/anfernee-orji
Alec Lindstrom,Free Agent,free_agent,placeholder — no rating source found,,,,United States,,https://www.maddenratings.com/wp-content/uploads/alec-lindstrom-22120-madden-photo.png,https://www.maddenratings.com/alec-lindstrom
Braeden Daniels,Free Agent,free_agent,placeholder — no rating source found,,,Utah,United States,2023,https://www.maddenratings.com/wp-content/uploads/braeden-daniels-22909-madden-photo.png,https://www.maddenratings.com/braeden-daniels
Anthony Kendall,Free Agent,free_agent,placeholder — no rating source found,,,,United States,,https://www.maddenratings.com/wp-content/uploads/anthony-kendall-23357-madden-photo.png,https://www.maddenratings.com/anthony-kendall
Brandon Johnson,Las Vegas Raiders,assigned,placeholder — no rating source found,,,,United States,,https://www.maddenratings.com/wp-content/uploads/brandon-johnson-22673-madden-photo.png,https://www.maddenratings.com/brandon-johnson
Carter Warren,Miami Dolphins,assigned,placeholder — no rating source found,,,Pittsburgh,United States,2023,https://www.maddenratings.com/wp-content/uploads/carter-warren-22866-madden-photo.png,https://www.maddenratings.com/carter-warren
Corey Ballentine,Jacksonville Jaguars,assigned,placeholder — no rating source found,,,Washburn,Jamaica,2019,https://www.maddenratings.com/wp-content/uploads/corey-ballentine-20454-madden-photo.png,https://www.maddenratings.com/corey-ballentine
Cooper Hodges,Free Agent,free_agent,placeholder — no rating source found,,,Appalachian State,United States,2023,https://www.maddenratings.com/wp-content/uploads/cooper-hodges.png,https://www.maddenratings.com/cooper-hodges
Clay Webb,Free Agent,free_agent,placeholder — no rating source found,,,,United States,2025,https://www.maddenratings.com/wp-content/uploads/clay-webb-15144-madden-photo.png,https://www.maddenratings.com/clay-webb
Deuce Vaughn,Free Agent,free_agent,placeholder — no rating source found,,,Kansas State,United States,2023,https://www.maddenratings.com/wp-content/uploads/deuce-vaughn-22748-madden-photo.png,https://www.maddenratings.com/deuce-vaughn
Eric Scott Jr.,Free Agent,free_agent,placeholder — no rating source found,,,Southern Miss,United States,2023,https://www.maddenratings.com/wp-content/uploads/eric-scott-jr-23076-madden-photo.png,https://www.maddenratings.com/eric-scott-jr
Joshua Gray,Free Agent,free_agent,placeholder — no rating source found,,,,United States,2025,https://www.maddenratings.com/wp-content/uploads/joshua-gray-15138-madden-photo.png,https://www.maddenratings.com/joshua-gray
Dominique Hampton,Free Agent,free_agent,placeholder — no rating source found,,,,United States,,https://www.maddenratings.com/wp-content/uploads/dominique-hampton-1091-madden-photo.png,https://www.maddenratings.com/dominique-hampton
E.J. Jenkins,Philadelphia Eagles,assigned,placeholder — no rating source found,,,Georgia Tech,United States,,https://www.maddenratings.com/wp-content/uploads/EJ-Jenkins.png,https://www.maddenratings.com/e-j-jenkins
Jose Ramirez,Philadelphia Eagles,assigned,placeholder — no rating source found,,,Eastern Michigan,United States,2023,https://www.maddenratings.com/wp-content/uploads/jose-ramirez-23140-madden-photo.png,https://www.maddenratings.com/jose-ramirez
Joshua Miles,Free Agent,free_agent,placeholder — no rating source found,,,,United States,,https://www.maddenratings.com/wp-content/uploads/joshua-miles-20676-madden-photo.png,https://www.maddenratings.com/joshua-miles
LaDarius Henderson,Free Agent,free_agent,placeholder — no rating source found,,,,United States,,https://www.maddenratings.com/wp-content/uploads/ladarius-henderson-14728-madden-photo.png,https://www.maddenratings.com/ladarius-henderson
Germain Ifedi,Free Agent,free_agent,placeholder — no rating source found,,,Texas AM,United States,2016,https://www.maddenratings.com/wp-content/uploads/germain-ifedi.png,https://www.maddenratings.com/germain-ifedi
Marlon Tuipulotu,Atlanta Falcons,assigned,placeholder — no rating source found,,,USC,New Zealand,2021,https://www.maddenratings.com/wp-content/uploads/marlon-tuipulotu-21528-madden-photo.png,https://www.maddenratings.com/marlon-tuipulotu
Lawrence Cager,Washington Commanders,assigned,placeholder — no rating source found,,,Georgia,United States,,https://www.maddenratings.com/wp-content/uploads/lawrence-cager-21304-madden-photo.png,https://www.maddenratings.com/lawrence-cager
Ochaun Mathis,Free Agent,free_agent,placeholder — no rating source found,,,Nebraska,United States,2023,https://www.maddenratings.com/wp-content/uploads/ochaun-mathis-22939-madden-photo.png,https://www.maddenratings.com/ochaun-mathis
Milo Eifler,Free Agent,free_agent,placeholder — no rating source found,,,,United States,,https://www.maddenratings.com/wp-content/uploads/milo-eifler.png,https://www.maddenratings.com/milo-eifler
Parris Campbell,Free Agent,free_agent,placeholder — no rating source found,,,Ohio State,United States,2019,https://www.maddenratings.com/wp-content/uploads/parris-campbell-20355-madden-photo.png,https://www.maddenratings.com/parris-campbell
Sataoa Laumea,Free Agent,free_agent,placeholder — no rating source found,,,,United States,,https://www.maddenratings.com/wp-content/uploads/sataoa-laumea-14715-madden-photo.png,https://www.maddenratings.com/sataoa-laumea
Samori Toure,Philadelphia Eagles,assigned,placeholder — no rating source found,,,Nebraska,United States,2022,https://www.maddenratings.com/wp-content/uploads/samori-toure-22372-madden-photo.png,https://www.maddenratings.com/samori-toure
Ryan Hayes,Carolina Panthers,assigned,placeholder — no rating source found,,,Michigan,United States,2023,https://www.maddenratings.com/wp-content/uploads/ryan-hayes-22868-madden-photo.png,https://www.maddenratings.com/ryan-hayes
Sidy Sow,Free Agent,free_agent,placeholder — no rating source found,,,Eastern Michigan,United States,2023,https://www.maddenratings.com/wp-content/uploads/sidy-sow-23144-madden-photo.png,https://www.maddenratings.com/sidy-sow
Tanner McLachlan,San Francisco 49ers,assigned,placeholder — no rating source found,,,,United States,,https://www.maddenratings.com/wp-content/uploads/tanner-mclachlan-14692-madden-photo.png,https://www.maddenratings.com/tanner-mclachlan
Tariq Castro-Fields,Philadelphia Eagles,assigned,placeholder — no rating source found,,,Penn St.,United States,2022,https://www.maddenratings.com/wp-content/uploads/tariq-castro-fields-22245-madden-photo.png,https://www.maddenratings.com/tariq-castro-fields
Trey Hill,Washington Commanders,assigned,placeholder — no rating source found,,,Georgia,United States,2021,https://www.maddenratings.com/wp-content/uploads/trey-hill-21927-madden-photo.png,https://www.maddenratings.com/trey-hill
Taybor Pepper,Free Agent,free_agent,placeholder — no rating source found,,,Michigan St.,United States,,https://www.maddenratings.com/wp-content/uploads/taybor-pepper.png,https://www.maddenratings.com/taybor-pepper
Zack Kuntz,Las Vegas Raiders,assigned,placeholder — no rating source found,,,Old Dominion,United States,2023,https://www.maddenratings.com/wp-content/uploads/zack-kuntz-22832-madden-photo.png,https://www.maddenratings.com/zack-kuntz
Tyrone Wheatley Jr.,Free Agent,free_agent,placeholder — no rating source found,,,,United States,,https://www.maddenratings.com/wp-content/uploads/tyrone-wheatley-jr-23336-madden-photo.png,https://www.maddenratings.com/tyrone-wheatley-jr
Tejhaun Palmer,New England Patriots,assigned,placeholder — no rating source found,,,,United States,,https://www.maddenratings.com/wp-content/uploads/tejhaun-palmer-1106-madden-photo.png,https://www.maddenratings.com/tejhaun-palmer
Andre Dillard,Free Agent,free_agent,placeholder — no rating source found,,,Wash. St.,United States,2019,https://www.maddenratings.com/wp-content/uploads/andre-dillard-20368-madden-photo.png,https://www.maddenratings.com/andre-dillard
Andre Chachere,Free Agent,free_agent,placeholder — no rating source found,,,San Jose St.,United States,,https://www.maddenratings.com/wp-content/uploads/andre-chachere.png,https://www.maddenratings.com/andre-chachere
Anthony Pittman,Free Agent,free_agent,placeholder — no rating source found,,,,United States,,https://www.maddenratings.com/wp-content/uploads/anthony-pittman.png,https://www.maddenratings.com/anthony-pittman
Anthony Miller,Free Agent,free_agent,placeholder — no rating source found,,,Memphis,United States,,https://www.maddenratings.com/wp-content/uploads/anthony-miller-13111-madden-photo.png,https://www.maddenratings.com/anthony-miller
Andy Isabella,Free Agent,free_agent,placeholder — no rating source found,,,,United States,,https://www.maddenratings.com/wp-content/uploads/andy-isabella-20388-madden-photo.png,https://www.maddenratings.com/andy-isabella
Anthony Averett,Free Agent,free_agent,placeholder — no rating source found,,,Alabama,United States,,https://www.maddenratings.com/wp-content/uploads/anthony-averett.png,https://www.maddenratings.com/anthony-averett
Andrew Booth,Free Agent,free_agent,placeholder — no rating source found,,,Clemson,United States,2022,https://www.maddenratings.com/wp-content/uploads/andrew-booth-jr-22255-madden-photo.png,https://www.maddenratings.com/andrew-booth
Arlington Hambright,Free Agent,free_agent,placeholder — no rating source found,,,,United States,2020,https://www.maddenratings.com/wp-content/uploads/arlington-hambright.png,https://www.maddenratings.com/arlington-hambright
Antonio Grier Jr,Free Agent,free_agent,placeholder — no rating source found,,,Arkansas,United States,,https://www.maddenratings.com/wp-content/uploads/Antonio-Grier-Jr.png,https://www.maddenratings.com/antonio-grier-jr
Anthony Schwartz,Free Agent,free_agent,placeholder — no rating source found,,,Auburn,United States,,https://www.maddenratings.com/wp-content/uploads/anthony-schwartz.png,https://www.maddenratings.com/anthony-schwartz
Avery Williams,Free Agent,free_agent,placeholder — no rating source found,,,Boise State,United States,2021,https://www.maddenratings.com/wp-content/uploads/avery-williams-21709-madden-photo.png,https://www.maddenratings.com/avery-williams
Armon Watts,Free Agent,free_agent,placeholder — no rating source found,,,Arkansas,United States,2019,https://www.maddenratings.com/wp-content/uploads/armon-watts.png,https://www.maddenratings.com/armon-watts
Blake Ferguson,Free Agent,free_agent,placeholder — no rating source found,,,LSU,United States,2020,https://www.maddenratings.com/wp-content/uploads/blake-ferguson.png,https://www.maddenratings.com/blake-ferguson
Austin Seibert,Free Agent,free_agent,placeholder — no rating source found,,,Oklahoma,United States,,https://www.maddenratings.com/wp-content/uploads/austin-seibert.png,https://www.maddenratings.com/austin-seibert
BJ Thompson,Free Agent,free_agent,placeholder — no rating source found,,,,United States,2023,https://www.maddenratings.com/wp-content/uploads/BJ-Thompson.png,https://www.maddenratings.com/bj-thompson
Ben Niemann,Free Agent,free_agent,placeholder — no rating source found,,,Iowa,United States,,https://www.maddenratings.com/wp-content/uploads/ben-niemann.png,https://www.maddenratings.com/ben-niemann
Bobby Price,Free Agent,free_agent,placeholder — no rating source found,,,,United States,,https://www.maddenratings.com/wp-content/uploads/bobby-price-21984-madden-photo.png,https://www.maddenratings.com/bobby-price
Brandon Hill,Free Agent,free_agent,placeholder — no rating source found,,,Pittsburgh,United States,2023,https://www.maddenratings.com/wp-content/uploads/brandon-hill.png,https://www.maddenratings.com/brandon-hill
Brandon Powell,Free Agent,free_agent,placeholder — no rating source found,,,,United States,,https://www.maddenratings.com/wp-content/uploads/brandon-powell.png,https://www.maddenratings.com/brandon-powell
C.J. Uzomah,Free Agent,free_agent,placeholder — no rating source found,,,Auburn,United States,2015,https://www.maddenratings.com/wp-content/uploads/cj-uzomah.png,https://www.maddenratings.com/cj-uzomah
Brenden Jaimes,Free Agent,free_agent,placeholder — no rating source found,,,Nebraska,United States,2021,https://www.maddenratings.com/wp-content/uploads/brenden-jaimes-21653-madden-photo.png,https://www.maddenratings.com/brenden-jaimes
Bryce Hall,Free Agent,free_agent,placeholder — no rating source found,,,Virginia,United States,2020,https://www.maddenratings.com/wp-content/uploads/bryce-hall-21263-madden-photo.png,https://www.maddenratings.com/bryce-hall
C.J. Beathard,Free Agent,free_agent,placeholder — no rating source found,,,Iowa,United States,2017,https://www.maddenratings.com/wp-content/uploads/cj-beathard.png,https://www.maddenratings.com/cj-beathard
Cam Brown,Free Agent,free_agent,placeholder — no rating source found,,,Penn State,United States,2020,https://www.maddenratings.com/wp-content/uploads/cam-brown.png,https://www.maddenratings.com/cam-brown
Cam Gill,Carolina Panthers,assigned,placeholder — no rating source found,,,Wagner College,United States,,https://www.maddenratings.com/wp-content/uploads/cam-gill.png,https://www.maddenratings.com/cam-gill
Caleb Farley,Free Agent,free_agent,placeholder — no rating source found,,,Virginia Tech,United States,2021,https://www.maddenratings.com/wp-content/uploads/caleb-farley.png,https://www.maddenratings.com/caleb-farley
Chris Evans,Free Agent,free_agent,placeholder — no rating source found,,,Michigan,United States,2021,https://www.maddenratings.com/wp-content/uploads/chris-evans.png,https://www.maddenratings.com/chris-evans
Christopher Hinton,Free Agent,free_agent,placeholder — no rating source found,,,,United States,,https://www.maddenratings.com/wp-content/uploads/christopher-hinton-22299-madden-photo.png,https://www.maddenratings.com/christopher-hinton
Chris Conley,Free Agent,free_agent,placeholder — no rating source found,,,,Turkey,,https://www.maddenratings.com/wp-content/uploads/chris-conley.png,https://www.maddenratings.com/chris-conley
Christian Matthew,Free Agent,free_agent,placeholder — no rating source found,,,Valdosta St.,United States,2022,https://www.maddenratings.com/wp-content/uploads/christian-matthew.png,https://www.maddenratings.com/christian-matthew
Christian Wilkins,Free Agent,free_agent,placeholder — no rating source found,,,Clemson,United States,2019,https://www.maddenratings.com/wp-content/uploads/christian-wilkins.png,https://www.maddenratings.com/christian-wilkins
Collin Johnson,Free Agent,free_agent,placeholder — no rating source found,,,Texas,United States,,https://www.maddenratings.com/wp-content/uploads/collin-johnson-21074-madden-photo.png,https://www.maddenratings.com/collin-johnson
Clyde Edwards-Helaire,Free Agent,free_agent,placeholder — no rating source found,,,LSU,United States,2020,https://www.maddenratings.com/wp-content/uploads/clyde-edwards-helaire-20957-madden-photo.png,https://www.maddenratings.com/clyde-edwards-helaire
Cody Whitehair,Free Agent,free_agent,placeholder — no rating source found,,,Kansas State,United States,2016,https://www.maddenratings.com/wp-content/uploads/cody-whitehair.png,https://www.maddenratings.com/cody-whitehair
Connor Galvin,Free Agent,free_agent,placeholder — no rating source found,,,,United States,,https://www.maddenratings.com/wp-content/uploads/connor-galvin.png,https://www.maddenratings.com/connor-galvin
Conor McDermott,Free Agent,free_agent,placeholder — no rating source found,,,UCLA,United States,2017,https://www.maddenratings.com/wp-content/uploads/conor-mcdermott.png,https://www.maddenratings.com/conor-mcdermott
D&#8217;Ante Smith,Free Agent,free_agent,placeholder — no rating source found,,,East Carolina,United States,,https://www.maddenratings.com/wp-content/uploads/dante-smith.png,https://www.maddenratings.com/dante-smith
Curtis Jacobs,Free Agent,free_agent,placeholder — no rating source found,,,Penn State,United States,,https://www.maddenratings.com/wp-content/uploads/curtis-jacobs-14913-madden-photo.png,https://www.maddenratings.com/curtis-jacobs
D.J. Turner,Houston Texans,assigned,placeholder — no rating source found,,,,United States,,https://www.maddenratings.com/wp-content/uploads/DJ-Turner-1.png,https://www.maddenratings.com/dj-turner
Dalton Keene,Free Agent,free_agent,placeholder — no rating source found,,,,United States,,https://www.maddenratings.com/wp-content/uploads/dalton-keene.png,https://www.maddenratings.com/dalton-keene
D&#8217;Onta Foreman,Free Agent,free_agent,placeholder — no rating source found,,,,United States,,https://www.maddenratings.com/wp-content/uploads/donta-foreman.png,https://www.maddenratings.com/donta-foreman
Dakoda Shepley,Free Agent,free_agent,placeholder — no rating source found,,,,Canada,,https://www.maddenratings.com/wp-content/uploads/dakoda-shepley.png,https://www.maddenratings.com/dakoda-shepley
Darrynton Evans,Free Agent,free_agent,placeholder — no rating source found,,,,United States,,https://www.maddenratings.com/wp-content/uploads/darrynton-evans-20921-madden-photo.png,https://www.maddenratings.com/darrynton-evans
Geoff Swaim,Free Agent,free_agent,placeholder — no rating source found,,,Texas,United States,2015,https://www.maddenratings.com/wp-content/uploads/geoff-swaim.png,https://www.maddenratings.com/geoff-swaim
David Long Jr,Free Agent,free_agent,placeholder — no rating source found,,,Michigan,United States,,https://www.maddenratings.com/wp-content/uploads/david-long-jr-20605-madden-photo.png,https://www.maddenratings.com/david-long-jr-cb
David Andrews,Free Agent,free_agent,placeholder — no rating source found,,,Georgia,United States,,https://www.maddenratings.com/wp-content/uploads/david-andrews.png,https://www.maddenratings.com/david-andrews
Daryl Worley,Free Agent,free_agent,placeholder — no rating source found,,,,United States,2016,https://www.maddenratings.com/wp-content/uploads/daryl-worley.png,https://www.maddenratings.com/daryl-worley
Gabriel Murphy,Free Agent,free_agent,placeholder — no rating source found,,,UCLA,United States,,https://www.maddenratings.com/wp-content/uploads/gabriel-murphy-14857-madden-photo.png,https://www.maddenratings.com/gabriel-murphy
Giovanni Ricci,Free Agent,free_agent,placeholder — no rating source found,,,,United States,,https://www.maddenratings.com/wp-content/uploads/giovanni-ricci-21085-madden-photo.png,https://www.maddenratings.com/giovanni-ricci
Gerald Everett,Free Agent,free_agent,placeholder — no rating source found,,,South Alabama,United States,2017,https://www.maddenratings.com/wp-content/uploads/gerald-everett.png,https://www.maddenratings.com/gerald-everett
Grant DuBose,Free Agent,free_agent,placeholder — no rating source found,,,Charlotte,United States,2023,https://www.maddenratings.com/wp-content/uploads/grant-dubose.png,https://www.maddenratings.com/grant-dubose
Greg Stroman,Free Agent,free_agent,placeholder — no rating source found,,,,United States,,https://www.maddenratings.com/wp-content/uploads/greg-stroman.png,https://www.maddenratings.com/greg-stroman
Hayden Hurst,Free Agent,free_agent,placeholder — no rating source found,,,South Carolina,United States,2018,https://www.maddenratings.com/wp-content/uploads/hayden-hurst.png,https://www.maddenratings.com/hayden-hurst
Greg Joseph,Free Agent,free_agent,placeholder — no rating source found,,,FAU,South Africa,,https://www.maddenratings.com/wp-content/uploads/greg-joseph-13601-madden-photo.png,https://www.maddenratings.com/greg-joseph
Gregory Junior,Free Agent,free_agent,placeholder — no rating source found,,,,United States,2022,https://www.maddenratings.com/wp-content/uploads/gregory-junior-22284-madden-photo.png,https://www.maddenratings.com/gregory-junior
Harrison Hand,Free Agent,free_agent,placeholder — no rating source found,,,,United States,,https://www.maddenratings.com/wp-content/uploads/harrison-hand.png,https://www.maddenratings.com/harrison-hand
Jah Joyner,Free Agent,free_agent,placeholder — no rating source found,,,,United States,2025,https://www.maddenratings.com/wp-content/uploads/jah-joyner-15188-madden-photo.png,https://www.maddenratings.com/jah-joyner
Jake Hanson,Free Agent,free_agent,placeholder — no rating source found,,,Oregon,United States,,https://www.maddenratings.com/wp-content/uploads/jake-hanson.png,https://www.maddenratings.com/jake-hanson
Jody Fortson,Free Agent,free_agent,placeholder — no rating source found,,,,United States,,https://www.maddenratings.com/wp-content/uploads/jody-fortson.png,https://www.maddenratings.com/jody-fortson
John Johnson III,Free Agent,free_agent,placeholder — no rating source found,,,Boston College,United States,,https://www.maddenratings.com/wp-content/uploads/john-johnson-iii.png,https://www.maddenratings.com/john-johnson-iii
Jordan Mims,Minnesota Vikings,assigned,placeholder — no rating source found,,,Fresno State,United States,,https://www.maddenratings.com/wp-content/uploads/jordan-mims-23364-madden-photo.png,https://www.maddenratings.com/jordan-mims
Jonathan Harris,Free Agent,free_agent,placeholder — no rating source found,,,Lindenwood,United States,,https://www.maddenratings.com/wp-content/uploads/jonathan-harris-20869-madden-photo.png,https://www.maddenratings.com/jonathan-harris
Jordan Akins,Free Agent,free_agent,placeholder — no rating source found,,,UCF,United States,2018,https://www.maddenratings.com/wp-content/uploads/jordan-akins.png,https://www.maddenratings.com/jordan-akins
Jordan Whitehead,Free Agent,free_agent,placeholder — no rating source found,,,Pittsburgh,United States,2018,https://www.maddenratings.com/wp-content/uploads/jordan-whitehead.png,https://www.maddenratings.com/jordan-whitehead
Josh Ball,Free Agent,free_agent,placeholder — no rating source found,,,Marshall,United States,2021,https://www.maddenratings.com/wp-content/uploads/josh-ball.png,https://www.maddenratings.com/josh-ball
Josh Thompson,Kansas City Chiefs,assigned,placeholder — no rating source found,,,,United States,,https://www.maddenratings.com/wp-content/uploads/josh-thompson-22221-madden-photo.png,https://www.maddenratings.com/josh-thompson
Josey Jewell,Free Agent,free_agent,placeholder — no rating source found,,,Iowa,United States,2018,https://www.maddenratings.com/wp-content/uploads/josey-jewell.png,https://www.maddenratings.com/josey-jewell
Josiah Ezirim,Free Agent,free_agent,placeholder — no rating source found,,,,United States,,https://www.maddenratings.com/wp-content/uploads/josiah-ezirim-1164-madden-photo.png,https://www.maddenratings.com/josiah-ezirim
Joshua Kelley,Free Agent,free_agent,placeholder — no rating source found,,,UCLA,United States,2020,https://www.maddenratings.com/wp-content/uploads/joshua-kelley.png,https://www.maddenratings.com/joshua-kelley
Joshua Onujiogu,Free Agent,free_agent,placeholder — no rating source found,,,,United States,,https://www.maddenratings.com/wp-content/uploads/joshua-onujiogu.png,https://www.maddenratings.com/joshua-onujiogu
Julian Pearl,Free Agent,free_agent,placeholder — no rating source found,,,Illinois,United States,,https://www.maddenratings.com/wp-content/uploads/julian-pearl-14736-madden-photo.png,https://www.maddenratings.com/julian-pearl
Justin Herron,Free Agent,free_agent,placeholder — no rating source found,,,Wake Forest,United States,2020,https://www.maddenratings.com/wp-content/uploads/justin-herron.png,https://www.maddenratings.com/justin-herron
Justin Hardee Sr,Free Agent,free_agent,placeholder — no rating source found,,,Illinois,United States,,https://www.maddenratings.com/wp-content/uploads/justin-hardee-sr.png,https://www.maddenratings.com/justin-hardee-sr
Justin Rogers,Free Agent,free_agent,placeholder — no rating source found,,,,United States,,https://www.maddenratings.com/wp-content/uploads/justin-rogers.png,https://www.maddenratings.com/justin-rogers
Justin Simmons,Free Agent,free_agent,placeholder — no rating source found,,,Boston College,United States,2016,https://www.maddenratings.com/wp-content/uploads/justin-simmons.png,https://www.maddenratings.com/justin-simmons
Juwann Winfree,Free Agent,free_agent,placeholder — no rating source found,,,,United States,2019,https://www.maddenratings.com/wp-content/uploads/juwann-winfree.png,https://www.maddenratings.com/juwann-winfree
Ka&#8217;Dar Hollman,Free Agent,free_agent,placeholder — no rating source found,,,,United States,,https://www.maddenratings.com/wp-content/uploads/kadar-hollman.png,https://www.maddenratings.com/kadar-hollman
Kana&#8217;i Mauga,Free Agent,free_agent,placeholder — no rating source found,,,,United States,,https://www.maddenratings.com/wp-content/uploads/kanai-mauga-23361-madden-photo.png,https://www.maddenratings.com/kanai-mauga
Kadeem Telfort,Free Agent,free_agent,placeholder — no rating source found,,,,United States,,https://www.maddenratings.com/wp-content/uploads/kadeem-telfort-22902-madden-photo.png,https://www.maddenratings.com/kadeem-telfort
K.J. Hamler,Free Agent,free_agent,placeholder — no rating source found,,,Penn State,United States,,https://www.maddenratings.com/wp-content/uploads/kj-hamler-20941-madden-photo.png,https://www.maddenratings.com/kj-hamler
Kaden Prather,Green Bay Packers,assigned,placeholder — no rating source found,,,Maryland,United States,2025,https://www.maddenratings.com/wp-content/uploads/kaden-prather-15089-madden-photo.png,https://www.maddenratings.com/kaden-prather
Kamu Grugier-Hill,Free Agent,free_agent,placeholder — no rating source found,,,E. Illinois,United States,2016,https://www.maddenratings.com/wp-content/uploads/kamu-grugier-hill.png,https://www.maddenratings.com/kamu-grugier-hill
Kearis Jackson,Free Agent,free_agent,placeholder — no rating source found,,,,United States,,https://www.maddenratings.com/wp-content/uploads/Kearis-Jackson.png,https://www.maddenratings.com/kearis-jackson
Keith Randolph Jr,Free Agent,free_agent,placeholder — no rating source found,,,Illinois,United States,,https://www.maddenratings.com/wp-content/uploads/keith-randolph-jr-14874-madden-photo.png,https://www.maddenratings.com/keith-randolph-jr
Keilan Robinson,Free Agent,free_agent,placeholder — no rating source found,,,,United States,,https://www.maddenratings.com/wp-content/uploads/keilan-robinson.png,https://www.maddenratings.com/keilan-robinson
Keith Kirkwood,Free Agent,free_agent,placeholder — no rating source found,,,,United States,,https://www.maddenratings.com/wp-content/uploads/keith-kirkwood-13910-madden-photo.png,https://www.maddenratings.com/keith-kirkwood
Kendall Fuller,Free Agent,free_agent,placeholder — no rating source found,,,Virginia Tech,United States,2016,https://www.maddenratings.com/wp-content/uploads/kendall-fuller.png,https://www.maddenratings.com/kendall-fuller
Kendall Sheffield,Free Agent,free_agent,placeholder — no rating source found,,,,United States,,https://www.maddenratings.com/wp-content/uploads/kendall-sheffield-20612-madden-photo.png,https://www.maddenratings.com/kendall-sheffield
Kevon Seymour,Free Agent,free_agent,placeholder — no rating source found,,,USC,United States,2016,https://www.maddenratings.com/wp-content/uploads/kevon-seymour-17858-madden-photo.png,https://www.maddenratings.com/kevon-seymour
Kevin King,Free Agent,free_agent,placeholder — no rating source found,,,Washington,United States,,https://www.maddenratings.com/wp-content/uploads/kevin-king.png,https://www.maddenratings.com/kevin-king
Keondre Coburn,Free Agent,free_agent,placeholder — no rating source found,,,Texas,United States,2023,https://www.maddenratings.com/wp-content/uploads/keondre-coburn.png,https://www.maddenratings.com/keondre-coburn
Khaleke Hudson,Free Agent,free_agent,placeholder — no rating source found,,,Michigan,United States,2020,https://www.maddenratings.com/wp-content/uploads/khaleke-hudson.png,https://www.maddenratings.com/khaleke-hudson
Kobe Hudson,Free Agent,free_agent,placeholder — no rating source found,,,,United States,2025,https://www.maddenratings.com/wp-content/uploads/kobe-hudson-15084-madden-photo.png,https://www.maddenratings.com/kobe-hudson
Kyle Philips,Free Agent,free_agent,placeholder — no rating source found,,,UCLA,United States,2022,https://www.maddenratings.com/wp-content/uploads/kyle-philips-22364-madden-photo.png,https://www.maddenratings.com/kyle-philips
Khalil Davis,Free Agent,free_agent,placeholder — no rating source found,,,,United States,2020,https://www.maddenratings.com/wp-content/uploads/khalil-davis.png,https://www.maddenratings.com/khalil-davis
Kyle Peko,Free Agent,free_agent,placeholder — no rating source found,,,,United States,,https://www.maddenratings.com/wp-content/uploads/kyle-peko.png,https://www.maddenratings.com/kyle-peko
Kyle Trask,Free Agent,free_agent,placeholder — no rating source found,,,Florida,United States,2021,https://www.maddenratings.com/wp-content/uploads/kyle-trask-21558-madden-photo.png,https://www.maddenratings.com/kyle-trask
Kyler McMichael,Free Agent,free_agent,placeholder — no rating source found,,,,United States,,https://www.maddenratings.com/wp-content/uploads/kyler-mcmichael-22266-madden-photo.png,https://www.maddenratings.com/kyler-mcmichael
Kyzir White,Free Agent,free_agent,placeholder — no rating source found,,,West Virginia,United States,2018,https://www.maddenratings.com/wp-content/uploads/kyzir-white.png,https://www.maddenratings.com/kyzir-white
Lamar Jackson,Baltimore Ravens,assigned,Madden NFL 26 (backfilled),QB,99,Louisville,United States,,https://www.maddenratings.com/wp-content/uploads/lamar-jackson-21154-madden-photo.png,https://www.maddenratings.com/lamar-jackson-cb
Le&#8217;Raven Clark,Free Agent,free_agent,placeholder — no rating source found,,,,United States,,https://www.maddenratings.com/wp-content/uploads/leraven-clark.png,https://www.maddenratings.com/leraven-clark
Laviska Shenault Jr,Free Agent,free_agent,placeholder — no rating source found,,,Colorado,United States,,https://www.maddenratings.com/wp-content/uploads/laviska-shenault-jr-20942-madden-photo.png,https://www.maddenratings.com/laviska-shenault-jr
Leroy Watson,Free Agent,free_agent,placeholder — no rating source found,,,,United States,,https://www.maddenratings.com/wp-content/uploads/leroy-watson-22539-madden-photo.png,https://www.maddenratings.com/leroy-watson
Lewis Cine,Free Agent,free_agent,placeholder — no rating source found,,,Georgia,Haiti,2022,https://www.maddenratings.com/wp-content/uploads/lewis-cine-22397-madden-photo.png,https://www.maddenratings.com/lewis-cine
Lester Cotton Sr,Free Agent,free_agent,placeholder — no rating source found,,,,United States,,https://www.maddenratings.com/wp-content/uploads/lester-cotton-sr.png,https://www.maddenratings.com/lester-cotton-sr
Logan Bruss,Free Agent,free_agent,placeholder — no rating source found,,,Wisconsin,United States,2022,https://www.maddenratings.com/wp-content/uploads/logan-bruss.png,https://www.maddenratings.com/logan-bruss
Luke Kandra,Free Agent,free_agent,placeholder — no rating source found,,,,United States,2025,https://www.maddenratings.com/wp-content/uploads/luke-kandra-15156-madden-photo.png,https://www.maddenratings.com/luke-kandra
Lorenzo Carter,Free Agent,free_agent,placeholder — no rating source found,,,Georgia,,2018,https://www.maddenratings.com/wp-content/uploads/lorenzo-carter.png,https://www.maddenratings.com/lorenzo-carter
Logan Woodside,Free Agent,free_agent,placeholder — no rating source found,,,,United States,2018,https://www.maddenratings.com/wp-content/uploads/logan-woodside.png,https://www.maddenratings.com/logan-woodside
Luke Masterson,Free Agent,free_agent,placeholder — no rating source found,,,,United States,,https://www.maddenratings.com/wp-content/uploads/Luke-Masterson.png,https://www.maddenratings.com/luke-masterson
Malik Hamm,Free Agent,free_agent,placeholder — no rating source found,,,,United States,,https://www.maddenratings.com/wp-content/uploads/malik-hamm-23342-madden-photo.png,https://www.maddenratings.com/malik-hamm
Malik Taylor,Free Agent,free_agent,placeholder — no rating source found,,,,United States,,https://www.maddenratings.com/wp-content/uploads/malik-taylor-21394-madden-photo.png,https://www.maddenratings.com/malik-taylor
Marcus Maye,Free Agent,free_agent,placeholder — no rating source found,,,Florida,United States,2017,https://www.maddenratings.com/wp-content/uploads/marcus-maye.png,https://www.maddenratings.com/marcus-maye
Mark Glowinski,Free Agent,free_agent,placeholder — no rating source found,,,West Virginia,United States,2015,https://www.maddenratings.com/wp-content/uploads/mark-glowinski.png,https://www.maddenratings.com/mark-glowinski
Marcus Williams,Free Agent,free_agent,placeholder — no rating source found,,,Utah,United States,2017,https://www.maddenratings.com/wp-content/uploads/marcus-williams.png,https://www.maddenratings.com/marcus-williams
Mario Goodrich,Tennessee Titans,assigned,placeholder — no rating source found,,,,United States,,https://www.maddenratings.com/wp-content/uploads/mario-goodrich-22246-madden-photo.png,https://www.maddenratings.com/mario-goodrich
Marlon Davidson,New York Giants,assigned,placeholder — no rating source found,,,,United States,,https://www.maddenratings.com/wp-content/uploads/marlon-davidson.png,https://www.maddenratings.com/marlon-davidson
Matthew Adams,Free Agent,free_agent,placeholder — no rating source found,,,Houston,United States,2018,https://www.maddenratings.com/wp-content/uploads/matthew-adams.png,https://www.maddenratings.com/matthew-adams
Maurice Hurst,Free Agent,free_agent,placeholder — no rating source found,,,Michigan,United States,,https://www.maddenratings.com/wp-content/uploads/maurice-hurst.png,https://www.maddenratings.com/maurice-hurst
Mello Dotson,Free Agent,free_agent,placeholder — no rating source found,,,,United States,2025,https://www.maddenratings.com/wp-content/uploads/mello-dotson-15325-madden-photo.png,https://www.maddenratings.com/mello-dotson
McTelvin Agim,Free Agent,free_agent,placeholder — no rating source found,,,,United States,,https://www.maddenratings.com/wp-content/uploads/mctelvin-agim-21118-madden-photo.png,https://www.maddenratings.com/mctelvin-agim
Micah Abernathy,Free Agent,free_agent,placeholder — no rating source found,,,,United States,,https://www.maddenratings.com/wp-content/uploads/micah-abernathy.png,https://www.maddenratings.com/micah-abernathy
Michael Dunn,Free Agent,free_agent,placeholder — no rating source found,,,Maryland,United States,,https://www.maddenratings.com/wp-content/uploads/michael-dunn.png,https://www.maddenratings.com/michael-dunn
Michael Gallup,Free Agent,free_agent,placeholder — no rating source found,,,Colorado St.,United States,2018,https://www.maddenratings.com/wp-content/uploads/michael-gallup-13108-madden-photo.png,https://www.maddenratings.com/michael-gallup
Michael Pratt,Free Agent,free_agent,placeholder — no rating source found,,,,United States,,https://www.maddenratings.com/wp-content/uploads/michael-pratt-14612-madden-photo.png,https://www.maddenratings.com/michael-pratt
Michael Barrett,Free Agent,free_agent,placeholder — no rating source found,,,,United States,,https://www.maddenratings.com/wp-content/uploads/michael-barrett-14914-madden-photo.png,https://www.maddenratings.com/michael-barrett
Michael Woods,Free Agent,free_agent,placeholder — no rating source found,,,Oklahoma,United States,2022,https://www.maddenratings.com/wp-content/uploads/michael-woods.png,https://www.maddenratings.com/michael-woods
Mike Hilton,Free Agent,free_agent,placeholder — no rating source found,,,Ole Miss,United States,,https://www.maddenratings.com/wp-content/uploads/mike-hilton-12981-madden-photo.png,https://www.maddenratings.com/mike-hilton
Mike Greene,Free Agent,free_agent,placeholder — no rating source found,,,,United States,,https://www.maddenratings.com/wp-content/uploads/mike-greene-23290-madden-photo.png,https://www.maddenratings.com/mike-greene
Mike Boone,Free Agent,free_agent,placeholder — no rating source found,,,Cincinnati,United States,,https://www.maddenratings.com/wp-content/uploads/mike-boone.png,https://www.maddenratings.com/mike-boone
Mitchell Agude,Free Agent,free_agent,placeholder — no rating source found,,,Miami,United States,,https://www.maddenratings.com/wp-content/uploads/Mitchell-Agude.png,https://www.maddenratings.com/mitchell-agude
Mike Strachan,Free Agent,free_agent,placeholder — no rating source found,,,University of Charleston,Bahamas,2021,https://www.maddenratings.com/wp-content/uploads/mike-strachan-21756-madden-photo.png,https://www.maddenratings.com/mike-strachan
Miles Boykin,Free Agent,free_agent,placeholder — no rating source found,,,Notre Dame,United States,2019,https://www.maddenratings.com/wp-content/uploads/miles-boykin-20643-madden-photo.png,https://www.maddenratings.com/miles-boykin
Morgan Fox,Free Agent,free_agent,placeholder — no rating source found,,,Colorado St.,United States,,https://www.maddenratings.com/wp-content/uploads/morgan-fox-12512-madden-photo.png,https://www.maddenratings.com/morgan-fox
MyCole Pruitt,Free Agent,free_agent,placeholder — no rating source found,,,,United States,2015,https://www.maddenratings.com/wp-content/uploads/mycole-pruitt.png,https://www.maddenratings.com/mycole-pruitt
Monty Rice,Free Agent,free_agent,placeholder — no rating source found,,,Georgia,United States,2021,https://www.maddenratings.com/wp-content/uploads/monty-rice-21501-madden-photo.png,https://www.maddenratings.com/monty-rice
Nate Brooks,Free Agent,free_agent,placeholder — no rating source found,,,,United States,,https://www.maddenratings.com/wp-content/uploads/nate-brooks-20909-madden-photo.png,https://www.maddenratings.com/nate-brooks
Nate Herbig,Free Agent,free_agent,placeholder — no rating source found,,,Stanford,United States,,https://www.maddenratings.com/wp-content/uploads/nate-herbig.png,https://www.maddenratings.com/nate-herbig
Netane Muti,Free Agent,free_agent,placeholder — no rating source found,,,,United States,,https://www.maddenratings.com/wp-content/uploads/netane-muti-20976-madden-photo.png,https://www.maddenratings.com/netane-muti
Montrell Washington,Houston Texans,assigned,placeholder — no rating source found,,,Samford,United States,2022,https://www.maddenratings.com/wp-content/uploads/montrell-washington-22481-madden-photo.png,https://www.maddenratings.com/montrell-washington
Nelson Agholor,Free Agent,free_agent,placeholder — no rating source found,,,USC,,2015,https://www.maddenratings.com/wp-content/uploads/nelson-agholor.png,https://www.maddenratings.com/nelson-agholor
Montravius Adams,Free Agent,free_agent,placeholder — no rating source found,,,Auburn,United States,2017,https://www.maddenratings.com/wp-content/uploads/montravius-adams.png,https://www.maddenratings.com/montravius-adams
Nick Muse,Detroit Lions,assigned,placeholder — no rating source found,,,South Carolina,United States,2022,https://www.maddenratings.com/wp-content/uploads/nick-muse-22099-madden-photo.png,https://www.maddenratings.com/nick-muse
Nick Gates,Free Agent,free_agent,placeholder — no rating source found,,,Nebraska,United States,,https://www.maddenratings.com/wp-content/uploads/nick-gates.png,https://www.maddenratings.com/nick-gates
Nicholas Petit-Frere,Free Agent,free_agent,placeholder — no rating source found,,,Ohio St.,United States,2022,https://www.maddenratings.com/wp-content/uploads/nicholas-petit-frere.png,https://www.maddenratings.com/nicholas-petit-frere
Nick Harris,Free Agent,free_agent,placeholder — no rating source found,,,Washington,United States,2020,https://www.maddenratings.com/wp-content/uploads/nick-harris.png,https://www.maddenratings.com/nick-harris
Nyheim Hines,Free Agent,free_agent,placeholder — no rating source found,,,N.C. State,United States,2018,https://www.maddenratings.com/wp-content/uploads/nyheim-hines-13268-madden-photo.png,https://www.maddenratings.com/nyheim-hines
Nsimba Webster,Free Agent,free_agent,placeholder — no rating source found,,,,United States,,https://www.maddenratings.com/wp-content/uploads/nsimba-webster.png,https://www.maddenratings.com/nsimba-webster
Nik Needham,Free Agent,free_agent,placeholder — no rating source found,,,UTEP,United States,,https://www.maddenratings.com/wp-content/uploads/nik-needham-20879-madden-photo.png,https://www.maddenratings.com/nik-needham
Nick Vigil,Free Agent,free_agent,placeholder — no rating source found,,,Utah State,United States,2016,https://www.maddenratings.com/wp-content/uploads/nick-vigil.png,https://www.maddenratings.com/nick-vigil
Peyton Hendershot,Free Agent,free_agent,placeholder — no rating source found,,,,United States,,https://www.maddenratings.com/wp-content/uploads/peyton-hendershot.png,https://www.maddenratings.com/peyton-hendershot
Oshane Ximines,Free Agent,free_agent,placeholder — no rating source found,,,Old Dominion,United States,,https://www.maddenratings.com/wp-content/uploads/oshane-ximines.png,https://www.maddenratings.com/oshane-ximines
Power Echols,Free Agent,free_agent,placeholder — no rating source found,,,,United States,,https://www.maddenratings.com/wp-content/uploads/power-echols-15264-madden-photo.png,https://www.maddenratings.com/power-echols
Raiqwon O&#8217;Neal,Free Agent,free_agent,placeholder — no rating source found,,,,United States,,https://www.maddenratings.com/wp-content/uploads/raiqwon-oneal-23359-madden-photo.png,https://www.maddenratings.com/raiqwon-oneal
Quindell Johnson,Free Agent,free_agent,placeholder — no rating source found,,,,United States,,https://www.maddenratings.com/wp-content/uploads/quindell-johnson-23066-madden-photo.png,https://www.maddenratings.com/quindell-johnson
Quinn Bailey,Free Agent,free_agent,placeholder — no rating source found,,,,United States,,https://www.maddenratings.com/wp-content/uploads/quinn-bailey.png,https://www.maddenratings.com/quinn-bailey
Raheem Blackshear,Detroit Lions,assigned,placeholder — no rating source found,,,,United States,,https://www.maddenratings.com/wp-content/uploads/raheem-blackshear-22621-madden-photo.png,https://www.maddenratings.com/raheem-blackshear
Raekwon McMillan,Free Agent,free_agent,placeholder — no rating source found,,,Ohio State,United States,2017,https://www.maddenratings.com/wp-content/uploads/raekwon-mcmillan.png,https://www.maddenratings.com/raekwon-mcmillan
Rakim Jarrett,Free Agent,free_agent,placeholder — no rating source found,,,,United States,,https://www.maddenratings.com/wp-content/uploads/rakim-jarrett-22773-madden-photo.png,https://www.maddenratings.com/rakim-jarrett
Raekwon Davis,Free Agent,free_agent,placeholder — no rating source found,,,Alabama,United States,2020,https://www.maddenratings.com/wp-content/uploads/raekwon-davis.png,https://www.maddenratings.com/raekwon-davis
Rashad Weaver,Free Agent,free_agent,placeholder — no rating source found,,,Pittsburgh,United States,2021,https://www.maddenratings.com/wp-content/uploads/rashad-weaver-21694-madden-photo.png,https://www.maddenratings.com/rashad-weaver
River Cracraft,Washington Commanders,assigned,placeholder — no rating source found,,,,United States,,https://www.maddenratings.com/wp-content/uploads/river-cracraft.png,https://www.maddenratings.com/river-cracraft
Richie Grant,Free Agent,free_agent,placeholder — no rating source found,,,UCF,United States,2021,https://www.maddenratings.com/wp-content/uploads/richie-grant-21669-madden-photo.png,https://www.maddenratings.com/richie-grant
Ronald Darby,Free Agent,free_agent,placeholder — no rating source found,,,Florida State,United States,2015,https://www.maddenratings.com/wp-content/uploads/ronald-darby.png,https://www.maddenratings.com/ronald-darby
Ricky Stromberg,Free Agent,free_agent,placeholder — no rating source found,,,Arkansas,United States,2023,https://www.maddenratings.com/wp-content/uploads/ricky-stromberg-22857-madden-photo.png,https://www.maddenratings.com/ricky-stromberg
Russell Gage Jr,Free Agent,free_agent,placeholder — no rating source found,,,LSU,United States,,https://www.maddenratings.com/wp-content/uploads/russell-gage-jr-13465-madden-photo.png,https://www.maddenratings.com/russell-gage-jr
Royce Newman,Free Agent,free_agent,placeholder — no rating source found,,,Ole Miss,United States,2021,https://www.maddenratings.com/wp-content/uploads/royce-newman-21647-madden-photo.png,https://www.maddenratings.com/royce-newman
Ryan Stonehouse,Free Agent,free_agent,placeholder — no rating source found,,,,United States,,https://www.maddenratings.com/wp-content/uploads/ryan-stonehouse-21862-madden-photo.png,https://www.maddenratings.com/ryan-stonehouse
Ryan Watts,Free Agent,free_agent,placeholder — no rating source found,,,,United States,,https://www.maddenratings.com/wp-content/uploads/ryan-watts.png,https://www.maddenratings.com/ryan-watts
Ryan Neal,Free Agent,free_agent,placeholder — no rating source found,,,S. Illinois,United States,,https://www.maddenratings.com/wp-content/uploads/ryan-neal.png,https://www.maddenratings.com/ryan-neal
Shaq Mason,Free Agent,free_agent,placeholder — no rating source found,,,Georgia Tech,United States,2015,https://www.maddenratings.com/wp-content/uploads/shaq-mason.png,https://www.maddenratings.com/shaq-mason
Sam Eguavoen,Free Agent,free_agent,placeholder — no rating source found,,,Texas Tech,United States,,https://www.maddenratings.com/wp-content/uploads/sam-eguavoen.png,https://www.maddenratings.com/sam-eguavoen
Shane Lemieux,Free Agent,free_agent,placeholder — no rating source found,,,Oregon,United States,2020,https://www.maddenratings.com/wp-content/uploads/shane-lemieux.png,https://www.maddenratings.com/shane-lemieux
Shaquille Quarterman,Free Agent,free_agent,placeholder — no rating source found,,,Miami,United States,2020,https://www.maddenratings.com/wp-content/uploads/shaquille-quarterman.png,https://www.maddenratings.com/shaquille-quarterman
Shaun Jolly,Free Agent,free_agent,placeholder — no rating source found,,,,United States,,https://www.maddenratings.com/wp-content/uploads/shaun-jolly-22264-madden-photo.png,https://www.maddenratings.com/shaun-jolly
Shaun Wade,Philadelphia Eagles,assigned,placeholder — no rating source found,,,Ohio State,United States,2021,https://www.maddenratings.com/wp-content/uploads/shaun-wade-21462-madden-photo.png,https://www.maddenratings.com/shaun-wade
Sione Takitaki,Houston Texans,assigned,placeholder — no rating source found,,,BYU,United States,2019,https://www.maddenratings.com/wp-content/uploads/sione-takitaki.png,https://www.maddenratings.com/sione-takitaki
Tarvarius Moore,Free Agent,free_agent,placeholder — no rating source found,,,Southern Miss,United States,,https://www.maddenratings.com/wp-content/uploads/tarvarius-moore.png,https://www.maddenratings.com/tarvarius-moore
Steven Sims,Free Agent,free_agent,placeholder — no rating source found,,,Kansas,United States,,https://www.maddenratings.com/wp-content/uploads/steven-sims-20844-madden-photo.png,https://www.maddenratings.com/steven-sims
Sua Opeta,Free Agent,free_agent,placeholder — no rating source found,,,Weber State,United States,,https://www.maddenratings.com/wp-content/uploads/sua-opeta-20666-madden-photo.png,https://www.maddenratings.com/sua-opeta
Taylor Heinicke,Free Agent,free_agent,placeholder — no rating source found,,,Old Dominion,United States,,https://www.maddenratings.com/wp-content/uploads/taylor-heinicke-2392-madden-photo.png,https://www.maddenratings.com/taylor-heinicke
Titus Leo,San Francisco 49ers,assigned,placeholder — no rating source found,,,Wagner,United States,2023,https://www.maddenratings.com/wp-content/uploads/titus-leo-23271-madden-photo.png,https://www.maddenratings.com/titus-leo
Tim Boyle,Free Agent,free_agent,placeholder — no rating source found,,,E. Kentucky,United States,,https://www.maddenratings.com/wp-content/uploads/tim-boyle-13690-madden-photo.png,https://www.maddenratings.com/tim-boyle
Trayvon Mullen Jr,Free Agent,free_agent,placeholder — no rating source found,,,Clemson,United States,,https://www.maddenratings.com/wp-content/uploads/trayvon-mullen-jr.png,https://www.maddenratings.com/trayvon-mullen
Tony Brown,Free Agent,free_agent,placeholder — no rating source found,,,Alabama,United States,,https://www.maddenratings.com/wp-content/uploads/tony-brown-ii-13380-madden-photo.png,https://www.maddenratings.com/tony-brown
Travis Bell,Cleveland Browns,assigned,placeholder — no rating source found,,,Kennesaw State,United States,2023,https://www.maddenratings.com/wp-content/uploads/travis-bell-23273-madden-photo.png,https://www.maddenratings.com/travis-bell
Tre Herndon,Free Agent,free_agent,placeholder — no rating source found,,,Vanderbilt,United States,,https://www.maddenratings.com/wp-content/uploads/tre-herndon-13508-madden-photo.png,https://www.maddenratings.com/tre-herndon
Trevor Denbow,Free Agent,free_agent,placeholder — no rating source found,,,,United States,,https://www.maddenratings.com/wp-content/uploads/trevor-denbow.png,https://www.maddenratings.com/trevor-denbow
Tre Swilling,Free Agent,free_agent,placeholder — no rating source found,,,,United States,,https://www.maddenratings.com/wp-content/uploads/tre-swilling-22582-madden-photo.png,https://www.maddenratings.com/tre-swilling
Tre&#8217;Vius Hodges-Tomlinson,Free Agent,free_agent,placeholder — no rating source found,,,TCU,United States,2023,https://www.maddenratings.com/wp-content/uploads/trevius-hodges-tomlinson.png,https://www.maddenratings.com/trevius-hodges-tomlinson
Trey Taylor,Free Agent,free_agent,placeholder — no rating source found,,,,United States,,https://www.maddenratings.com/wp-content/uploads/trey-taylor-15002-madden-photo.png,https://www.maddenratings.com/trey-taylor
Trenton Irwin,San Francisco 49ers,assigned,placeholder — no rating source found,,,Stanford,United States,,https://www.maddenratings.com/wp-content/uploads/trenton-irwin-21962-madden-photo.png,https://www.maddenratings.com/trenton-irwin
Trey Sermon,Free Agent,free_agent,placeholder — no rating source found,,,Ohio State,United States,2021,https://www.maddenratings.com/wp-content/uploads/trey-sermon-21631-madden-photo.png,https://www.maddenratings.com/trey-sermon
Troy Hairston,Free Agent,free_agent,placeholder — no rating source found,,,,United States,,https://www.maddenratings.com/wp-content/uploads/troy-hairston-22622-madden-photo.png,https://www.maddenratings.com/troy-hairston
Tyler Boyd,Free Agent,free_agent,placeholder — no rating source found,,,Pittsburgh,United States,2016,https://www.maddenratings.com/wp-content/uploads/tyler-boyd.png,https://www.maddenratings.com/tyler-boyd
Tyler Mabry,Free Agent,free_agent,placeholder — no rating source found,,,,United States,,https://www.maddenratings.com/wp-content/uploads/tyler-mabry-21961-madden-photo.png,https://www.maddenratings.com/tyler-mabry
Tyler Hall,Cleveland Browns,assigned,placeholder — no rating source found,,,Wyoming,United States,,https://www.maddenratings.com/wp-content/uploads/tyler-hall-21423-madden-photo.png,https://www.maddenratings.com/tyler-hall
Tyler Davis,Los Angeles Rams,assigned,Madden NFL 26 (backfilled),DT,71,Georgia Tech,United States,2020,https://www.maddenratings.com/wp-content/uploads/tyler-davis-24428-madden-photo.png,https://www.maddenratings.com/tyler-davis
Tyler Matakevich,Free Agent,free_agent,placeholder — no rating source found,,,Temple,United States,2016,https://www.maddenratings.com/wp-content/uploads/tyler-matakevich.png,https://www.maddenratings.com/tyler-matakevich
Tyus Bowser,Free Agent,free_agent,placeholder — no rating source found,,,Houston,United States,2017,https://www.maddenratings.com/wp-content/uploads/tyus-bowser.png,https://www.maddenratings.com/tyus-bowser
Tyreem Powell,Free Agent,free_agent,placeholder — no rating source found,,,,United States,2025,https://www.maddenratings.com/wp-content/uploads/tyreem-powell-15262-madden-photo.png,https://www.maddenratings.com/tyreem-powell
Vi Jones,Free Agent,free_agent,placeholder — no rating source found,,,,United States,,https://www.maddenratings.com/wp-content/uploads/vi-jones-22683-madden-photo.png,https://www.maddenratings.com/vi-jones
Tyrese Robinson,Free Agent,free_agent,placeholder — no rating source found,,,Oklahoma,United States,,https://www.maddenratings.com/wp-content/uploads/tyrese-robinson-22121-madden-photo.png,https://www.maddenratings.com/tyrese-robinson
Wes Schweitzer,Free Agent,free_agent,placeholder — no rating source found,,,San Jose St.,United States,2016,https://www.maddenratings.com/wp-content/uploads/wes-schweitzer.png,https://www.maddenratings.com/wes-schweitzer
Vonn Bell,Free Agent,free_agent,placeholder — no rating source found,,,Ohio State,United States,2016,https://www.maddenratings.com/wp-content/uploads/vonn-bell.png,https://www.maddenratings.com/vonn-bell
Will Grier,Free Agent,free_agent,placeholder — no rating source found,,,West Virginia,United States,,https://www.maddenratings.com/wp-content/uploads/will-grier-20330-madden-photo.png,https://www.maddenratings.com/will-grier
William Kwenkeu,Free Agent,free_agent,placeholder — no rating source found,,,,Cameroon,,https://www.maddenratings.com/wp-content/uploads/william-kwenkeu-22679-madden-photo.png,https://www.maddenratings.com/william-kwenkeu
Zach Davidson,Free Agent,free_agent,placeholder — no rating source found,,,,United States,2021,https://www.maddenratings.com/wp-content/uploads/zach-davidson-21770-madden-photo.png,https://www.maddenratings.com/zach-davidson
Zachary Thomas,Free Agent,free_agent,placeholder — no rating source found,,,San Diego St.,United States,2022,https://www.maddenratings.com/wp-content/uploads/zach-thomas-22433-madden-photo.png,https://www.maddenratings.com/zachary-thomas
Zach Pascal,Free Agent,free_agent,placeholder — no rating source found,,,Old Dominion,United States,,https://www.maddenratings.com/wp-content/uploads/zach-pascal-12997-madden-photo.png,https://www.maddenratings.com/zach-pascal
Wesley French,Free Agent,free_agent,placeholder — no rating source found,,,,United States,,https://www.maddenratings.com/wp-content/uploads/wesley-french-22558-madden-photo.png,https://www.maddenratings.com/wesley-french
Zack Moss,Free Agent,free_agent,placeholder — no rating source found,,,Utah,United States,2020,https://www.maddenratings.com/wp-content/uploads/zack-moss.png,https://www.maddenratings.com/zack-moss
Zech McPhearson,Free Agent,free_agent,placeholder — no rating source found,,,Texas Tech,United States,2021,https://www.maddenratings.com/wp-content/uploads/zech-mcphearson-21700-madden-photo.png,https://www.maddenratings.com/zech-mcphearson
Isaiah Bolden,Free Agent,free_agent,placeholder — no rating source found,,,Jackson State,United States,2023,https://www.maddenratings.com/wp-content/uploads/isaiah-bolden-23281-madden-photo.png,https://www.maddenratings.com/isaiah-bolden
Isaiah Dunn,Free Agent,free_agent,placeholder — no rating source found,,,,United States,,https://www.maddenratings.com/wp-content/uploads/isaiah-dunn-21999-madden-photo.png,https://www.maddenratings.com/isaiah-dunn
Isaiah Wynn,Free Agent,free_agent,placeholder — no rating source found,,,Georgia,United States,2018,https://www.maddenratings.com/wp-content/uploads/isaiah-wynn.png,https://www.maddenratings.com/isaiah-wynn
Isaiah Thomas,Free Agent,free_agent,placeholder — no rating source found,,,Oklahoma,United States,2022,https://www.maddenratings.com/wp-content/uploads/isaiah-thomas-22149-madden-photo.png,https://www.maddenratings.com/isaiah-thomas
Israel Mukuamu,Free Agent,free_agent,placeholder — no rating source found,,,South Carolina,United States,2021,https://www.maddenratings.com/wp-content/uploads/israel-mukuamu-21456-madden-photo.png,https://www.maddenratings.com/israel-mukuamu
Ja&#8217;Whaun Bentley,Free Agent,free_agent,placeholder — no rating source found,,,Purdue,United States,,https://www.maddenratings.com/wp-content/uploads/jawhaun-bentley.png,https://www.maddenratings.com/jawhaun-bentley
J.J. Taylor,Free Agent,free_agent,placeholder — no rating source found,,,,United States,,https://www.maddenratings.com/wp-content/uploads/jj-taylor-20925-madden-photo.png,https://www.maddenratings.com/jj-taylor
Jack Browning,Free Agent,free_agent,placeholder — no rating source found,,,San Diego St.,United States,,https://www.maddenratings.com/wp-content/uploads/Jack-Browning.png,https://www.maddenratings.com/jack-browning
Jackson Barton,Free Agent,free_agent,placeholder — no rating source found,,,Utah,United States,,https://www.maddenratings.com/wp-content/uploads/jackson-barton-20669-madden-photo.png,https://www.maddenratings.com/jackson-barton
Jackson Carman,Free Agent,free_agent,placeholder — no rating source found,,,Clemson,United States,2021,https://www.maddenratings.com/wp-content/uploads/jackson-carman-21864-madden-photo.png,https://www.maddenratings.com/jackson-carman
Jaelon Darden,Free Agent,free_agent,placeholder — no rating source found,,,North Texas,United States,,https://www.maddenratings.com/wp-content/uploads/jaelon-darden.png,https://www.maddenratings.com/jaelon-darden
Jacolby George,Free Agent,free_agent,placeholder — no rating source found,,,,United States,2025,https://www.maddenratings.com/wp-content/uploads/jacolby-george-15091-madden-photo.png,https://www.maddenratings.com/jacolby-george
Jaelyn Duncan,Free Agent,free_agent,placeholder — no rating source found,,,Maryland,United States,2023,https://www.maddenratings.com/wp-content/uploads/jaelyn-duncan-22863-madden-photo.png,https://www.maddenratings.com/jaelyn-duncan
Jamaal Williams,Free Agent,free_agent,placeholder — no rating source found,,,BYU,United States,2017,https://www.maddenratings.com/wp-content/uploads/jamaal-williams.png,https://www.maddenratings.com/jamaal-williams
James Burnip,Free Agent,free_agent,placeholder — no rating source found,,,,Australia,2025,https://www.maddenratings.com/wp-content/uploads/james-burnip-4611-madden-photo.png,https://www.maddenratings.com/james-burnip
James Smith-Williams,Free Agent,free_agent,placeholder — no rating source found,,,N.C. State,United States,2020,https://www.maddenratings.com/wp-content/uploads/james-smith-williams.png,https://www.maddenratings.com/james-smith-williams
James Bradberry IV,Free Agent,free_agent,placeholder — no rating source found,,,Samford,United States,,https://www.maddenratings.com/wp-content/uploads/james-bradberry-iv.png,https://www.maddenratings.com/james-bradberry-iv
Jamison Crowder,Free Agent,free_agent,placeholder — no rating source found,,,Duke,United States,2015,https://www.maddenratings.com/wp-content/uploads/jamison-crowder.png,https://www.maddenratings.com/jamison-crowder
JaMycal Hasty,Free Agent,free_agent,placeholder — no rating source found,,,Baylor,United States,,https://www.maddenratings.com/wp-content/uploads/jamycal-hasty.png,https://www.maddenratings.com/jamycal-hasty
Jaren Hall,Free Agent,free_agent,placeholder — no rating source found,,,BYU,United States,2023,https://www.maddenratings.com/wp-content/uploads/jaren-hall.png,https://www.maddenratings.com/jaren-hall
Jashaun Corbin,Free Agent,free_agent,placeholder — no rating source found,,,,United States,,https://www.maddenratings.com/wp-content/uploads/jashaun-corbin-22319-madden-photo.png,https://www.maddenratings.com/jashaun-corbin
Jase McClellan,Free Agent,free_agent,placeholder — no rating source found,,,,United States,,https://www.maddenratings.com/wp-content/uploads/jase-mcclellan.png,https://www.maddenratings.com/jase-mcclellan
Javon Baker,Free Agent,free_agent,placeholder — no rating source found,,,,United States,,https://www.maddenratings.com/wp-content/uploads/javon-baker-14668-madden-photo.png,https://www.maddenratings.com/javon-baker
Jaylen Key,Free Agent,free_agent,placeholder — no rating source found,,,,United States,,https://www.maddenratings.com/wp-content/uploads/jaylen-key-1173-madden-photo.png,https://www.maddenratings.com/jaylen-key
Javion Cohen,Free Agent,free_agent,placeholder — no rating source found,,,Miami,United States,,https://www.maddenratings.com/wp-content/uploads/javion-cohen-14724-madden-photo.png,https://www.maddenratings.com/javion-cohen
Jaylon Smith,Free Agent,free_agent,placeholder — no rating source found,,,Notre Dame,United States,,https://www.maddenratings.com/wp-content/uploads/jaylon-smith-17544-madden-photo.png,https://www.maddenratings.com/jaylon-smith
Jaxson Kirkland,Free Agent,free_agent,placeholder — no rating source found,,,,United States,,https://www.maddenratings.com/wp-content/uploads/jaxson-kirkland-22872-madden-photo.png,https://www.maddenratings.com/jaxson-kirkland
Jeremiah Ledbetter,Free Agent,free_agent,placeholder — no rating source found,,,,United States,2017,https://www.maddenratings.com/wp-content/uploads/jeremiah-ledbetter-12851-madden-photo.png,https://www.maddenratings.com/jeremiah-ledbetter
Jeff Wilson Jr,Free Agent,free_agent,placeholder — no rating source found,,,North Texas,United States,,https://www.maddenratings.com/wp-content/uploads/jeff-wilson-jr.png,https://www.maddenratings.com/jeff-wilson-jr
Cameron Sutton,Free Agent,free_agent,placeholder — no rating source found,,,Tennessee,United States,2017,https://www.maddenratings.com/wp-content/uploads/cameron-sutton.png,https://www.maddenratings.com/cameron-sutton
Cameron Young,Free Agent,free_agent,placeholder — no rating source found,,,Mississippi State,United States,2023,https://www.maddenratings.com/wp-content/uploads/cameron-young.png,https://www.maddenratings.com/cameron-young
Carl Davis,Free Agent,free_agent,placeholder — no rating source found,,,Iowa,United States,,https://www.maddenratings.com/wp-content/uploads/carl-davis-2547-madden-photo.png,https://www.maddenratings.com/carl-davis
Carl Lawson,Free Agent,free_agent,placeholder — no rating source found,,,Auburn,United States,2017,https://www.maddenratings.com/wp-content/uploads/carl-lawson.png,https://www.maddenratings.com/carl-lawson
Carlos Basham Jr,Free Agent,free_agent,placeholder — no rating source found,,,Wake Forest,United States,,https://www.maddenratings.com/wp-content/uploads/boogie-basham-jr-21503-madden-photo.png,https://www.maddenratings.com/carlos-basham-jr
Casey Toohill,Free Agent,free_agent,placeholder — no rating source found,,,Stanford,United States,2020,https://www.maddenratings.com/wp-content/uploads/casey-toohill-21252-madden-photo.png,https://www.maddenratings.com/casey-toohill
Carter O&#8217;Donnell,Free Agent,free_agent,placeholder — no rating source found,,,,Canada,,https://www.maddenratings.com/wp-content/uploads/Carter-ODonnell.png,https://www.maddenratings.com/carter-odonnell
Carlos Watkins,Free Agent,free_agent,placeholder — no rating source found,,,Clemson,United States,2017,https://www.maddenratings.com/wp-content/uploads/carlos-watkins-12599-madden-photo.png,https://www.maddenratings.com/carlos-watkins
TK McLendon Jr,Free Agent,free_agent,placeholder — no rating source found,,,,United States,,https://www.maddenratings.com/wp-content/uploads/TK-McLendon-Jr.png,https://www.maddenratings.com/tk-mclendon-jr
Chandler Brewer,Free Agent,free_agent,placeholder — no rating source found,,,Mid Tenn St.,United States,,https://www.maddenratings.com/wp-content/uploads/chandler-brewer-20782-madden-photo.png,https://www.maddenratings.com/chandler-brewer
Chandler Wooten,Free Agent,free_agent,placeholder — no rating source found,,,,United States,,https://www.maddenratings.com/wp-content/uploads/chandler-wooten.png,https://www.maddenratings.com/chandler-wooten
D.J. Chark Jr,Free Agent,free_agent,placeholder — no rating source found,,,LSU,United States,,https://www.maddenratings.com/wp-content/uploads/dj-chark-jr-13255-madden-photo.png,https://www.maddenratings.com/dj-chark-jr
Darius Harris,Free Agent,free_agent,placeholder — no rating source found,,,Mid Tenn St.,United States,,https://www.maddenratings.com/wp-content/uploads/darius-harris.png,https://www.maddenratings.com/darius-harris
De&#8217;Shaan Dixon,Free Agent,free_agent,placeholder — no rating source found,,,,United States,,https://www.maddenratings.com/wp-content/uploads/DeShaan-Dixon.png,https://www.maddenratings.com/deshaan-dixon
Delarrin Turner-Yell,Free Agent,free_agent,placeholder — no rating source found,,,Oklahoma,United States,2022,https://www.maddenratings.com/wp-content/uploads/delarrin-turner-yell-22452-madden-photo.png,https://www.maddenratings.com/delarrin-turner-yell
Deantre Prince,Free Agent,free_agent,placeholder — no rating source found,,,,United States,,https://www.maddenratings.com/wp-content/uploads/deantre-prince-1090-madden-photo.png,https://www.maddenratings.com/deantre-prince
Demetric Felton,Free Agent,free_agent,placeholder — no rating source found,,,UCLA,United States,,https://www.maddenratings.com/wp-content/uploads/demetric-felton-jr-21570-madden-photo.png,https://www.maddenratings.com/demetric-felton
DeMarcus Walker,Free Agent,free_agent,placeholder — no rating source found,,,Florida State,United States,2017,https://www.maddenratings.com/wp-content/uploads/demarcus-walker.png,https://www.maddenratings.com/demarcus-walker
Demone Harris,Free Agent,free_agent,placeholder — no rating source found,,,Buffalo,United States,,https://www.maddenratings.com/wp-content/uploads/demone-harris.png,https://www.maddenratings.com/demone-harris
Deonte Harty,Free Agent,free_agent,placeholder — no rating source found,,,Assumption,United States,,https://www.maddenratings.com/wp-content/uploads/deonte-harris.png,https://www.maddenratings.com/deonte-harris
Devin Harper,Free Agent,free_agent,placeholder — no rating source found,,,Oklahoma St.,United States,2022,https://www.maddenratings.com/wp-content/uploads/devin-harper-22501-madden-photo.png,https://www.maddenratings.com/devin-harper
Dez Fitzpatrick,Free Agent,free_agent,placeholder — no rating source found,,,,United States,,https://www.maddenratings.com/wp-content/uploads/dez-fitzpatrick-21613-madden-photo.png,https://www.maddenratings.com/dez-fitzpatrick
Devin Leary,Free Agent,free_agent,placeholder — no rating source found,,,,United States,,https://www.maddenratings.com/wp-content/uploads/devin-leary-14619-madden-photo.png,https://www.maddenratings.com/devin-leary
Diontae Johnson,Free Agent,free_agent,placeholder — no rating source found,,,Toledo,United States,2019,https://www.maddenratings.com/wp-content/uploads/diontae-johnson-20653-madden-photo.png,https://www.maddenratings.com/diontae-johnson
Donovan Peoples-Jones,Free Agent,free_agent,placeholder — no rating source found,,,Michigan,United States,2020,https://www.maddenratings.com/wp-content/uploads/donovan-peoples-jones-20934-madden-photo.png,https://www.maddenratings.com/donovan-peoples-jones
Divaad Wilson,Free Agent,free_agent,placeholder — no rating source found,,,UCF,United States,,https://www.maddenratings.com/wp-content/uploads/Divaad-Wilson.png,https://www.maddenratings.com/divaad-wilson
Dorian Thompson-Robinson,Free Agent,free_agent,placeholder — no rating source found,,,UCLA,United States,2023,https://www.maddenratings.com/wp-content/uploads/dorian-thompson-robinson-22727-madden-photo.png,https://www.maddenratings.com/dorian-thompson-robinson
Doug Kramer,Free Agent,free_agent,placeholder — no rating source found,,,Illinois,United States,2022,https://www.maddenratings.com/wp-content/uploads/doug-kramer-jr-22496-madden-photo.png,https://www.maddenratings.com/doug-kramer
Dominique Dafney,Free Agent,free_agent,placeholder — no rating source found,,,,United States,,https://www.maddenratings.com/wp-content/uploads/dominique-dafney-21444-madden-photo.png,https://www.maddenratings.com/dominique-dafney
Elijah Dotson,Free Agent,free_agent,placeholder — no rating source found,,,,United States,,https://www.maddenratings.com/wp-content/uploads/elijah-dotson-23293-madden-photo.png,https://www.maddenratings.com/elijah-dotson
Duke Shelley,Free Agent,free_agent,placeholder — no rating source found,,,Kansas State,United States,2019,https://www.maddenratings.com/wp-content/uploads/duke-shelley-20752-madden-photo.png,https://www.maddenratings.com/duke-shelley
Eli Ricks,Free Agent,free_agent,placeholder — no rating source found,,,,United States,,https://www.maddenratings.com/wp-content/uploads/eli-ricks-23027-madden-photo.png,https://www.maddenratings.com/eli-ricks
Emani Bailey,Free Agent,free_agent,placeholder — no rating source found,,,TCU,United States,,https://www.maddenratings.com/wp-content/uploads/emani-bailey-14635-madden-photo.png,https://www.maddenratings.com/emani-bailey
Duke Riley,Free Agent,free_agent,placeholder — no rating source found,,,LSU,United States,2017,https://www.maddenratings.com/wp-content/uploads/duke-riley.png,https://www.maddenratings.com/duke-riley
Elijah Riley,Free Agent,free_agent,placeholder — no rating source found,,,,United States,,https://www.maddenratings.com/wp-content/uploads/elijah-riley.png,https://www.maddenratings.com/elijah-riley
Emmanuel Moseley,Free Agent,free_agent,placeholder — no rating source found,,,Tennessee,United States,,https://www.maddenratings.com/wp-content/uploads/emmanuel-moseley.png,https://www.maddenratings.com/emmanuel-moseley
Eric Banks,Free Agent,free_agent,placeholder — no rating source found,,,,United States,,https://www.maddenratings.com/wp-content/uploads/eric-banks-21404-madden-photo.png,https://www.maddenratings.com/eric-banks
Stephon Gilmore,Free Agent,free_agent,placeholder — no rating source found,,,South Carolina,United States,2012,https://www.maddenratings.com/wp-content/uploads/stephon-gilmore.png,https://www.maddenratings.com/stephon-gilmore
Erik Ezukanma,Philadelphia Eagles,assigned,placeholder — no rating source found,,,Texas Tech,United States,2022,https://www.maddenratings.com/wp-content/uploads/erik-ezukanma-22358-madden-photo.png,https://www.maddenratings.com/erik-ezukanma
Gus Edwards,Free Agent,free_agent,placeholder — no rating source found,,,Rutgers,Liberia,,https://www.maddenratings.com/wp-content/uploads/gus-edwards.png,https://www.maddenratings.com/gus-edwards
Justin Tucker,Free Agent,free_agent,placeholder — no rating source found,,,Texas,United States,,https://www.maddenratings.com/wp-content/uploads/justin-tucker.png,https://www.maddenratings.com/justin-tucker
Cordarrelle Patterson,Free Agent,free_agent,placeholder — no rating source found,,,Tennessee,United States,2013,https://www.maddenratings.com/wp-content/uploads/cordarrelle-patterson.png,https://www.maddenratings.com/cordarrelle-patterson
Greg Zuerlein,Free Agent,free_agent,placeholder — no rating source found,,,Missouri W State,United States,2012,https://www.maddenratings.com/wp-content/uploads/greg-zuerlein.png,https://www.maddenratings.com/greg-zuerlein
Tashaun Gipson Sr,Free Agent,free_agent,placeholder — no rating source found,,,Wyoming,United States,,https://www.maddenratings.com/wp-content/uploads/tashaun-gipson-sr.png,https://www.maddenratings.com/tashaun-gipson-sr
Allen Robinson II,Free Agent,free_agent,placeholder — no rating source found,,,Penn State,United States,,https://www.maddenratings.com/wp-content/uploads/allen-robinson-ii.png,https://www.maddenratings.com/allen-robinson-ii
Jerry Hughes,Free Agent,free_agent,placeholder — no rating source found,,,TCU,United States,2010,https://www.maddenratings.com/wp-content/uploads/jerry-hughes.png,https://www.maddenratings.com/jerry-hughes
Chris Hubbard,Free Agent,free_agent,placeholder — no rating source found,,,UAB,United States,,https://www.maddenratings.com/wp-content/uploads/chris-hubbard.png,https://www.maddenratings.com/chris-hubbard
Michael Palardy,Free Agent,free_agent,placeholder — no rating source found,,,Tennessee,United States,,https://www.maddenratings.com/wp-content/uploads/michael-palardy.png,https://www.maddenratings.com/michael-palardy
Patrick Scales,Free Agent,free_agent,placeholder — no rating source found,,,Utah State,United States,,https://www.maddenratings.com/wp-content/uploads/patrick-scales.png,https://www.maddenratings.com/patrick-scales
Dustin Hopkins,Free Agent,free_agent,placeholder — no rating source found,,,Florida State,United States,2013,https://www.maddenratings.com/wp-content/uploads/dustin-hopkins-11941-madden-photo.png,https://www.maddenratings.com/dustin-hopkins
Maddux Trujillo,Free Agent,free_agent,placeholder — no rating source found,,,,United States,2025,https://www.maddenratings.com/wp-content/uploads/maddux-trujillo-4879326-madden-photo.png,https://www.maddenratings.com/maddux-trujillo
Linval Joseph,Free Agent,free_agent,placeholder — no rating source found,,,East Carolina,United States,2010,https://www.maddenratings.com/wp-content/uploads/linval-joseph.png,https://www.maddenratings.com/linval-joseph
Blake Watson,Free Agent,free_agent,placeholder — no rating source found,,,Memphis,United States,,https://www.maddenratings.com/wp-content/uploads/blake-watson-4361604-madden-photo.png,https://www.maddenratings.com/blake-watson
Isaac Ukwu,Free Agent,free_agent,placeholder — no rating source found,,,,United States,,https://www.maddenratings.com/wp-content/uploads/isaac-ukwu-4249608-madden-photo.png,https://www.maddenratings.com/isaac-ukwu
Dymere Miller,Free Agent,free_agent,placeholder — no rating source found,,,,United States,2025,https://www.maddenratings.com/wp-content/uploads/dymere-miller-4775266-madden-photo.png,https://www.maddenratings.com/dymere-miller
Ramel Keyton,Free Agent,free_agent,placeholder — no rating source found,,,Tennessee,United States,,https://www.maddenratings.com/wp-content/uploads/ramel-keyton-4426399-madden-photo.png,https://www.maddenratings.com/ramel-keyton
Elijah Cooks,Carolina Panthers,assigned,placeholder — no rating source found,,,,United States,,https://www.maddenratings.com/wp-content/uploads/elijah-cooks-4241588-madden-photo.png,https://www.maddenratings.com/elijah-cooks
Ja&#8217;Quinden Jackson,Free Agent,free_agent,placeholder — no rating source found,,,,United States,2025,https://www.maddenratings.com/wp-content/uploads/jaquinden-jackson-4690972-madden-photo.png,https://www.maddenratings.com/jaquinden-jackson
Bill Murray,Los Angeles Rams,assigned,placeholder — no rating source found,,,William Mary,United States,,https://www.maddenratings.com/wp-content/uploads/bill-murray-3912189-madden-photo.png,https://www.maddenratings.com/bill-murray
Dyontae Johnson,Free Agent,free_agent,placeholder — no rating source found,,,Toledo,United States,,https://www.maddenratings.com/wp-content/uploads/dyontae-johnson-4362280-madden-photo.png,https://www.maddenratings.com/dyontae-johnson
Dee Williams,Free Agent,free_agent,placeholder — no rating source found,,,Tennessee,United States,,https://www.maddenratings.com/wp-content/uploads/dee-williams-5081362-madden-photo.png,https://www.maddenratings.com/dee-williams
Junior Bergen,San Francisco 49ers,assigned,placeholder — no rating source found,,,Montana,United States,2025,https://www.maddenratings.com/wp-content/uploads/junior-bergen-4887918-madden-photo.png,https://www.maddenratings.com/junior-bergen
Gabe Jeudy-Lally,Free Agent,free_agent,placeholder — no rating source found,,,Tennessee,United States,,https://www.maddenratings.com/wp-content/uploads/gabe-jeudy-lally-4567529-madden-photo.png,https://www.maddenratings.com/gabe-jeudy-lally
Jacoby Windmon,Pittsburgh Steelers,assigned,placeholder — no rating source found,,,Michigan St.,United States,,https://www.maddenratings.com/wp-content/uploads/jacoby-windmon-4428909-madden-photo.png,https://www.maddenratings.com/jacoby-windmon
Pokey Wilson,Free Agent,free_agent,placeholder — no rating source found,,,,United States,,https://www.maddenratings.com/wp-content/uploads/pokey-wilson-4240033-madden-photo.png,https://www.maddenratings.com/pokey-wilson
Casey Rogers,New England Patriots,assigned,placeholder — no rating source found,,,Oregon,United States,,https://www.maddenratings.com/wp-content/uploads/casey-rogers-4361189-madden-photo.png,https://www.maddenratings.com/casey-rogers
Fabien Lovett Sr,Free Agent,free_agent,placeholder — no rating source found,,,,United States,,https://www.maddenratings.com/wp-content/uploads/fabien-lovett-sr-4362905-madden-photo.png,https://www.maddenratings.com/fabien-lovett-sr
BJ Adams,Free Agent,free_agent,placeholder — no rating source found,,,,United States,2025,https://www.maddenratings.com/wp-content/uploads/bj-adams-4685826-madden-photo.png,https://www.maddenratings.com/bj-adams
Cam Riley,Free Agent,free_agent,placeholder — no rating source found,,,,United States,2025,https://www.maddenratings.com/wp-content/uploads/cam-riley-4431360-madden-photo.png,https://www.maddenratings.com/cam-riley
Dallin Holker,Free Agent,free_agent,placeholder — no rating source found,,,Colorado St.,United States,,https://www.maddenratings.com/wp-content/uploads/dallin-holker-4373634-madden-photo.png,https://www.maddenratings.com/dallin-holker
Grayson Murphy,Free Agent,free_agent,placeholder — no rating source found,,,UCLA,United States,,https://www.maddenratings.com/wp-content/uploads/grayson-murphy-4428077-madden-photo.png,https://www.maddenratings.com/grayson-murphy
Tysheem Johnson,Free Agent,free_agent,placeholder — no rating source found,,,,United States,2025,https://www.maddenratings.com/wp-content/uploads/tysheem-johnson-4431405-madden-photo.png,https://www.maddenratings.com/tysheem-johnson
Cam Camper,New York Jets,assigned,placeholder — no rating source found,,,,United States,2025,https://www.maddenratings.com/wp-content/uploads/cam-camper-5081322-madden-photo.png,https://www.maddenratings.com/cam-camper
Eugene Asante,Free Agent,free_agent,placeholder — no rating source found,,,,United States,2025,https://www.maddenratings.com/wp-content/uploads/eugene-asante-4427532-madden-photo.png,https://www.maddenratings.com/eugene-asante
Jailin Walker,Free Agent,free_agent,placeholder — no rating source found,,,,United States,2025,https://www.maddenratings.com/wp-content/uploads/Jailin-Walker.png,https://www.maddenratings.com/jailin-walker
Jahmal Banks,Free Agent,free_agent,placeholder — no rating source found,,,,United States,2025,https://www.maddenratings.com/wp-content/uploads/jahmal-banks-4571935-madden-photo.png,https://www.maddenratings.com/jahmal-banks
Matt Jones,Free Agent,free_agent,placeholder — no rating source found,,,,United States,2025,https://www.maddenratings.com/wp-content/uploads/matt-jones-4571882-madden-photo.png,https://www.maddenratings.com/matt-jones
Silas Bolden,Free Agent,free_agent,placeholder — no rating source found,,,,United States,2025,https://www.maddenratings.com/wp-content/uploads/silas-bolden-4590532-madden-photo.png,https://www.maddenratings.com/silas-bolden
John Humphrey,Free Agent,free_agent,placeholder — no rating source found,,,,United States,2025,https://www.maddenratings.com/wp-content/uploads/john-humphrey-4565811-madden-photo.png,https://www.maddenratings.com/john-humphrey
Jamon Dumas-Johnson,Free Agent,free_agent,placeholder — no rating source found,,,,United States,2025,https://www.maddenratings.com/wp-content/uploads/jamon-dumas-johnson-4569680-madden-photo.png,https://www.maddenratings.com/jamon-dumas-johnson
Shilo Sanders,Free Agent,free_agent,placeholder — no rating source found,,,,United States,2025,https://www.maddenratings.com/wp-content/uploads/Shilo-Sanders.png,https://www.maddenratings.com/shilo-sanders
Reid Holskey,Denver Broncos,assigned,placeholder — no rating source found,,,,United States,2025,https://www.maddenratings.com/wp-content/uploads/reid-holskey-4429951-madden-photo.png,https://www.maddenratings.com/reid-holskey
Jack Conley,Free Agent,free_agent,placeholder — no rating source found,,,,United States,2025,https://www.maddenratings.com/wp-content/uploads/jack-conley-4426955-madden-photo.png,https://www.maddenratings.com/jack-conley
Nash Jones,Free Agent,free_agent,placeholder — no rating source found,,,,United States,2025,https://www.maddenratings.com/wp-content/uploads/nash-jones-4688371-madden-photo.png,https://www.maddenratings.com/nash-jones
Thomas Odukoya,Free Agent,free_agent,placeholder — no rating source found,,,Eastern Michigan,Netherlands,,https://www.maddenratings.com/wp-content/uploads/thomas-odukoya-4363554-madden-photo.png,https://www.maddenratings.com/thomas-odukoya
Dallas Gant,Free Agent,free_agent,placeholder — no rating source found,,,Toledo,United States,,https://www.maddenratings.com/wp-content/uploads/dallas-gant-4361348-madden-photo.png,https://www.maddenratings.com/dallas-gant
Dartanyan Tinsley,Free Agent,free_agent,placeholder — no rating source found,,,,United States,2025,https://www.maddenratings.com/wp-content/uploads/dartanyan-tinsley-4585283-madden-photo.png,https://www.maddenratings.com/dartanyan-tinsley
Tommy Mellott,Free Agent,free_agent,placeholder — no rating source found,,,Montana State,United States,2025,https://www.maddenratings.com/wp-content/uploads/tommy-mellott-4775196-madden-photo.png,https://www.maddenratings.com/tommy-mellott
Blayne Taylor,Free Agent,free_agent,placeholder — no rating source found,,,,United States,2025,https://www.maddenratings.com/wp-content/uploads/blayne-taylor-5083552-madden-photo.png,https://www.maddenratings.com/blayne-taylor
Mike Reid,Free Agent,free_agent,placeholder — no rating source found,,,,United States,,https://www.maddenratings.com/wp-content/uploads/mike-reid-4775268-madden-photo.png,https://www.maddenratings.com/mike-reid
Glendon Miller,Free Agent,free_agent,placeholder — no rating source found,,,,United States,2025,https://www.maddenratings.com/wp-content/uploads/glendon-miller-4692807-madden-photo.png,https://www.maddenratings.com/glendon-miller
Raymond Johnson III,Free Agent,free_agent,placeholder — no rating source found,,,,United States,,https://www.maddenratings.com/wp-content/uploads/raymond-johnson-iii-4241135-madden-photo.png,https://www.maddenratings.com/raymond-johnson-iii
Desmond Watson,Free Agent,free_agent,placeholder — no rating source found,,,,United States,2025,https://www.maddenratings.com/wp-content/uploads/desmond-watson-4431607-madden-photo.png,https://www.maddenratings.com/desmond-watson
Jordan Oladokun,Free Agent,free_agent,placeholder — no rating source found,,,,United States,2025,https://www.maddenratings.com/wp-content/uploads/jordan-oladokun-4601079-madden-photo.png,https://www.maddenratings.com/jordan-oladokun
Addison West,Free Agent,free_agent,placeholder — no rating source found,,,,United States,2025,https://www.maddenratings.com/wp-content/uploads/addison-west-4428823-madden-photo.png,https://www.maddenratings.com/addison-west
Quentin Skinner,Buffalo Bills,assigned,placeholder — no rating source found,,,,United States,2025,https://www.maddenratings.com/wp-content/uploads/quentin-skinner-4613050-madden-photo.png,https://www.maddenratings.com/quentin-skinner
Jarrod Hufford,Free Agent,free_agent,placeholder — no rating source found,,,,United States,2025,https://www.maddenratings.com/wp-content/uploads/jarrod-hufford-4429871-madden-photo.png,https://www.maddenratings.com/jarrod-hufford
Jake Johanning,Free Agent,free_agent,placeholder — no rating source found,,,Furman,United States,,https://www.maddenratings.com/wp-content/uploads/jake-johanning-4572827-madden-photo.png,https://www.maddenratings.com/jake-johanning
Sal Wormley,Free Agent,free_agent,placeholder — no rating source found,,,,United States,2025,https://www.maddenratings.com/wp-content/uploads/sal-wormley-4428935-madden-photo.png,https://www.maddenratings.com/sal-wormley
Trey Wedig,Free Agent,free_agent,placeholder — no rating source found,,,,United States,2025,https://www.maddenratings.com/wp-content/uploads/trey-wedig-4430812-madden-photo.png,https://www.maddenratings.com/trey-wedig
Desmond Igbinosun,Free Agent,free_agent,placeholder — no rating source found,,,,United States,2025,https://www.maddenratings.com/wp-content/uploads/desmond-igbinosun-4683464-madden-photo.png,https://www.maddenratings.com/desmond-igbinosun
Jason Ivey,Free Agent,free_agent,placeholder — no rating source found,,,,United States,2025,https://www.maddenratings.com/wp-content/uploads/jason-ivey-4882116-madden-photo.png,https://www.maddenratings.com/jason-ivey
Ben Dooley,Free Agent,free_agent,placeholder — no rating source found,,,,United States,2025,https://www.maddenratings.com/wp-content/uploads/ben-dooley-4429538-madden-photo.png,https://www.maddenratings.com/ben-dooley
Ozzie Hutchinson,Free Agent,free_agent,placeholder — no rating source found,,,,United States,2025,https://www.maddenratings.com/wp-content/uploads/Ozzie-Hutchinson.png,https://www.maddenratings.com/ozzie-hutchinson
Morice Norris,Free Agent,free_agent,placeholder — no rating source found,,,Fresno State,United States,,https://www.maddenratings.com/wp-content/uploads/morice-norris-4880777-madden-photo.png,https://www.maddenratings.com/morice-norris
Gus Hartwig,Free Agent,free_agent,placeholder — no rating source found,,,,United States,2025,https://www.maddenratings.com/wp-content/uploads/gus-hartwig-4432237-madden-photo.png,https://www.maddenratings.com/gus-hartwig
Ben Wooldridge,Free Agent,free_agent,placeholder — no rating source found,,,,United States,2025,https://www.maddenratings.com/wp-content/uploads/ben-wooldridge-4373895-madden-photo.png,https://www.maddenratings.com/ben-wooldridge
Stevo Klotz,Free Agent,free_agent,placeholder — no rating source found,,,,United States,2025,https://www.maddenratings.com/wp-content/uploads/stevo-klotz-4686438-madden-photo.png,https://www.maddenratings.com/stevo-klotz
Bump Cooper Jr,Free Agent,free_agent,placeholder — no rating source found,,,,United States,,https://www.maddenratings.com/wp-content/uploads/bump-cooper-jr-5085881-madden-photo.png,https://www.maddenratings.com/bump-cooper-jr
Emory Jones,Free Agent,free_agent,placeholder — no rating source found,,,,United States,,https://www.maddenratings.com/wp-content/uploads/emory-jones-4360230-madden-photo.png,https://www.maddenratings.com/emory-jones
Madden 27 Ratings Database,Free Agent,free_agent,placeholder — no rating source found,,,,,,,https://www.maddenratings.com/tyre-phillips
Madden 27 Ratings Database,Free Agent,free_agent,placeholder — no rating source found,,,,,,,https://www.maddenratings.com/odell-beckham-jr
Madden 27 Ratings Database,Free Agent,free_agent,placeholder — no rating source found,,,,,,,https://www.maddenratings.com/danny-gray
Madden 27 Ratings Database,Free Agent,free_agent,placeholder — no rating source found,,,,,,,https://www.maddenratings.com/malik-turner
Madden 27 Ratings Database,Free Agent,free_agent,placeholder — no rating source found,,,,,,,https://www.maddenratings.com/josh-tupou
Madden 27 Ratings Database,Free Agent,free_agent,placeholder — no rating source found,,,,,,,https://www.maddenratings.com/albert-okwuegbunam
Madden 27 Ratings Database,Free Agent,free_agent,placeholder — no rating source found,,,,,,,https://www.maddenratings.com/hakeem-butler
Madden 27 Ratings Database,Free Agent,free_agent,placeholder — no rating source found,,,,,,,https://www.maddenratings.com/ross-blacklock
Madden 27 Ratings Database,Free Agent,free_agent,placeholder — no rating source found,,,,,,,https://www.maddenratings.com/malaesala-aumavae-laulu
Madden 27 Ratings Database,Free Agent,free_agent,placeholder — no rating source found,,,,,,,https://www.maddenratings.com/gervarrius-owens
Madden 27 Ratings Database,Free Agent,free_agent,placeholder — no rating source found,,,,,,,https://www.maddenratings.com/qwuantrezz-knight
Madden 27 Ratings Database,Free Agent,free_agent,placeholder — no rating source found,,,,,,,https://www.maddenratings.com/william-bradley-king
Madden 27 Ratings Database,Free Agent,free_agent,placeholder — no rating source found,,,,,,,https://www.maddenratings.com/sebastian-gutierrez
Madden 27 Ratings Database,Free Agent,free_agent,placeholder — no rating source found,,,,,,,https://www.maddenratings.com/julian-good-jones
Madden 27 Ratings Database,Free Agent,free_agent,placeholder — no rating source found,,,,,,,https://www.maddenratings.com/jalen-virgil
Madden 27 Ratings Database,Free Agent,free_agent,placeholder — no rating source found,,,,,,,https://www.maddenratings.com/ricky-lee
Madden 27 Ratings Database,Free Agent,free_agent,placeholder — no rating source found,,,,,,,https://www.maddenratings.com/trevor-siemian
Madden 27 Ratings Database,Free Agent,free_agent,placeholder — no rating source found,,,,,,,https://www.maddenratings.com/tucker-addington
